課,見出し,読み,アクセント,ローマ字,英訳,品詞,補足情報,サブ活動
1,おはよう（ございます）,おはよう（ございます）,おはよう（ございま↓す）,ohayoo (gozaimasu),Good morning.,Exp,,
1,こんにちは,こんにちは,こんにちは○,konnichiwa,Good afternoon.,Exp,,
1,こんばんは,こんばんは,こんばんは○,konbanwa,Good evening.,Exp,,
1,お先に失礼します,おさきにしつれいします,おさきにしつ↓れいします,osaki ni shitsureeshimasu,Goodbye. (I'll take my leave before you.),Exp,,
1,お疲れさま（でした）,おつかれさま（でした）,おつかれさま（で↓した）,otsukaresama (deshita),Goodbye. (Thank you for your hard work.),Exp,,
1,おやすみ（なさい）,おやすみ（なさい）,おやすみ（なさい）○,oyasumi (nasai),Good night. ,Exp,,
1,失礼します,しつれいします,しつ↓れいします,shitsureeshimasu,Goodbye.,Exp,,
1,じゃあ、また,じゃあ、また,じゃ↓あ、また○,"jaa, mata",See you later.,Exp,,
1,あめ,あめ,あめ○,ame,candy,N,,お礼を言う
1,ありがとうございます,ありがとうございます,あり↓がとうございます,arigatoo gozaimasu,Thank you.,Exp,,お礼を言う
1,いいえ,いいえ,いいえ○,iie,You're welcome.,Exp,,お礼を言う
1,痛い！,いたい！,いた↓い！,itai !,Ouch！,Exp,,謝る
1,落としましたよ,おとしましたよ,おとしま↓したよ,otoshimashita yo,You dropped this.,Exp,,お礼を言う
1,ごめん,ごめん,ごめん○,gomen,Sorry.,Exp,,謝る
1,すみません,すみません,すみませ↓ん,sumimasen,Thank you.,Exp,,お礼を言う
1,すみません,すみません,すみませ↓ん,sumimasen,I'm sorry.,Exp,,謝る
1,どうぞ,どうぞ,ど↓うぞ,doozo,Here you go.,Exp,,お礼を言う
1,どうも,どうも,ど↓うも,doomo,Thanks.,Exp,,お礼を言う
1,（どうも）ありがとう,（どうも）ありがとう,（ど↓うも）　あり↓がとう,(doomo) arigatoo,Thank you very much.,Exp,,お礼を言う
1,わあ,わあ,わあ○,waa,Oh! (expresses surprise),Exp,,お礼を言う
1,これ,これ,これ○,kore,this,N,指示表現,お礼を言う
1,プレゼント,プレゼント,プレ↓ゼント,purezento,present,N,,お礼を言う
1,おめでとうございます,おめでとうございます,おめでとうございま↓す,omedetoo gozaimasu,Congratulations.,Exp,,
1,わかりました,わかりました,わかりま↓した,wakarimashita,I understand.,Exp,,
2,1,いち,いち↓,ichi,one,N,数字,
2,言ってください,いってください,いってくださ↓い,itte kudasai,Please say ～.,Exp,,
2,お願いします,おねがいします,おねがいしま↓す,onegaishimasu,Please. ,Exp,,
2,書いてください,かいてください,か↓いてくださ↓い,kaite kudasai,Please write ～.,Exp,,
2,見せてください,みせてください,み↓せてくださ↓い,misete kudasai,Please show me ～.,Exp,,
2,わかりました,わかりました,わかりま↓した,wakarimashita,I understand.,Exp,,
2,わかりません,わかりません,わかりませ↓ん,wakarimasen,I do not understand.,Exp,,
2,9,きゅう,きゅ↓う,kyuu,nine,N,数字,
2,5,ご,ご↓,go,five,N,数字,
2,ここ,ここ,ここ○,koko,here,N,指示表現,
2,在留カード,ざいりゅうカード,ざいりゅうカ↓ード,zairyuu-kaado,residence card,N,,
2,3,さん,さん○,san,three,N,数字,
2,10,じゅう,じゅ↓う,juu,ten,N,数字,
2,0,ゼロ,ゼ↓ロ,zero,zero,N,数字,
2,7,なな,な↓な,nana,seven,N,数字,
2,名前,なまえ,なまえ○,namae,name,N,,
2,2,に,に↓,ni,two,N,数字,
2,8,はち,はち↓,hachi,eight,N,数字,
2,部屋,へや,へや↓,heya,room,N,,
2,もういちど,もういちど,もういちど○,moo ichido,once more,,副詞的表現,
2,もう少し,もうすこし,もうすこ↓し,moo sukoshi,a little.,,副詞的表現,
2,ゆっくり,ゆっくり,ゆっく↓り,yukkuri,slowly,,副詞的表現,
2,よく,よく,よ↓く,yoku,(not) really,,副詞的表現,
2,4,よん,よ↓ん,yon,four,N,数字,
2,6,ろく,ろく↓,roku,six,N,数字,
2,インドネシア語,インドネシアご,インドネシアご○,indoneshiago,Indonesian language,N,,
2,英語,えいご,えいご○,eego,English language,N,,
2,お客さん,おきゃくさん,おきゃくさん○,okyakusan,customer (used to address a customer if their name isn't known),N,,
2,あのう,あのう,あのう○,anoo,Um… (used when the speaker wants to start talking to someone),Exp,,
2,じゃあ,じゃあ,じゃ↓あ,jaa,Well then…,Exp,,
2,できます,できます,できま↓す,dekimasu,I can speak / understand it.,Exp,,
2,できますか？,できますか？,できま↓すか？,dekimasu ka?,Can you speak it?,Exp,,
2,はい、どうぞ,はい、どうぞ,はい○、ど↓うぞ,"hai, doozo",Here you go.,Exp,,
2,わかります,わかります,わかりま↓す,wakarimasu,I understand.,Exp,,
2,わかりますか？,わかりますか？,わかりま↓すか？,wakarimasu ka?,Do you understand?,Exp,,
2,少し,すこし,すこ↓し,sukoshi,a little / a few,,副詞的表現,
2,中国語,ちゅうごくご,ちゅうごくご○,chuugokugo,Chinese language,N,,
2,日本語,にほんご,にほんご○,nihongo,Japanese language,N,,
2,はい,はい,は↓い,hai,yes,,,
2,え？,え?,え↓?,e?,Huh? / What? / Pardon?,Exp,,
2,そうそう,そうそう,そ↓う　そ↓う,soo soo,That's right.,Exp,,
2,何ですか？,なんですか？,な↓んですか？,nan desu ka?,What is it?,Exp,,
2,何と言いますか？,なんといいますか？,な↓んといいま↓すか？,nan to iimasu ka?,What do you call it?,Exp,,
2,蚊,か,か○,ka,mosquito,N,,
2,傘,かさ,か↓さ,kasa,umbrella,N,,
2,消しゴム,けしゴム,けしゴム○,keshigomu,eraser,N,,
2,スマホ,スマホ,スマホ○,sumaho,smartphone,N,,
2,何,なん,な↓ん,nan,what,N,疑問表現,
2,日本語で,にほんごで,にほんごで○,nihongo de,in Japanese,,,
2,免許証,めんきょしょう,めんきょしょう○／めんきょ↓しょう,menkyoshoo,license,N,,
3,（どうぞ）よろしくお願いします,（どうぞ）よろしくおねがいします,（ど↓うぞ）　よろしくおねがいしま↓す,(doozo) yoroshiku onegaishimasu,Nice to meet you.,Exp,,
3,はじめまして,はじめまして,はじめま↓して,hajimemashite,Hello. (said when meeting someone for the first time),Exp,,
3,～から来ました,～からきました,～からきま↓した,～kara kimashita,came　from ～,,,
3,韓国,かんこく,か↓んこく,Kankoku,South Korea,N,国名,
3,来る／来ます,くる／きます,く↓る／きま↓す,kuru / kimas,to come,V［3］,,
3,タイ,タイ,タ↓イ,Tai,Thailand,N,国名,
3,ブラジル,ブラジル,ブラジル○,Burajiru,Brazil,N,国名,
3,ミャンマー,ミャンマー,ミャ↓ンマー,Myanmaa,Myanmar,N,国名,
3,私,わたし,わたし○,watashi,I / myself,N,,
3,インドネシア,インドネシア,インドネ↓シア,Indoneshia,Indonesia,N,国名,
3,同じ,おなじ,おなじ○,onaji,same,,,
3,えーと,えーと,えーと○,eeto,Er… (expresses that the speaker is thinking),Exp,,
3,～からですか？,～からですか？,～から↓ですか？,～kara desu ka?,Are you from ～?,Exp,,
3,会社,かいしゃ,かいしゃ○,kaisha,company,N,,
3,そうですか,そうですか,そ↓うですか,soo desu ka,I see. (indicates that the speaker has understood what the other person is saying),Exp,,
3,どちらからですか？,どちらからですか？,ど↓ちらから↓ですか？,dochira kara desu ka?,Where are you from?,Exp,,
3,カンボジア,カンボジア,カンボジア○,Kanbojia,Cambodia,N,国名,
3,国／お国,くに／おくに,くに○／おくに○,kuni / okuni,country /  (your) country,N,,
3,出身／ご出身,しゅっしん／ごしゅっしん,しゅっしん○／ごしゅっしん○,shusshin / goshusshin,hometown / (your) hometown,N,,
3,どちら,どちら,ど↓ちら,dochira  ,where (polite expression),N,疑問表現,
3,友だち,ともだち,ともだち○,tomodachi,friend,N,,
3,名前／お名前 ,なまえ／おなまえ,なまえ○／おなまえ○,namae / onamae,name,N,,
3,ハノイ,ハノイ,ハ↓ノイ,Hanoi,Hanoi,N,地域・都市,
3,フエ,フエ,フ↓エ,Fue,Hue,N,地域・都市,
3,ベトナム,ベトナム,ベトナム○,Betonamu,Vietnam,N,国名,
3,みなさん,みなさん,みな↓さん,minasan,all of you,N,,
3,～月　（12月）,～がつ　（じゅうにがつ）,～がつ　（じゅうにがつ○）,～gatsu　(juuni-gatsu),month of the year　(e.g. 12th month = December),,接頭/接尾,
3,国籍,こくせき,こくせき○,kokuseki,nationality,N,,
3,住所,じゅうしょ,じゅ↓うしょ,juusho,address,N,,
3,生年月日,せいねんがっぴ,せいねんが↓っぴ,seenengappi,date of birth,N,,
3,西暦,せいれき,せいれき○,seereki,Gregorian calendar,N,,
3,電話番号,でんわばんごう,でんわば↓んごう,denwa-bangoo,telephone number,N,,
3,～日,～にち,～にち,～nichi,day of the month,,接頭/接尾,
3,～年,～ねん,～ねん,～nen,year,,接頭/接尾,
3,メール,メール,メール○,meeru,email,N,,
3,申込書,もうしこみしょ,もうしこみしょ○,mooshikomisho,application form,N,,
4,兄,あに,あ↓に,ani,(my) elder brother,N,,
4,姉,あね,あね○,ane,(my) elder sister,N,,
4,妹,いもうと,いもうと↓,imooto,(my) younger sister,N,,
4,夫,おっと,おっと○,otto,(my) husband,N,,
4,弟,おとうと,おとうと↓,otooto,(my) younger brother,N,,
4,あれ？,あれ？,あれ？○,are?,Oh? (expresses surprise),Exp,,
4,紹介します,しょうかいします,しょうかいしま↓す,shookai-shimasu,I will introduce you.,Exp,,
4,（どうぞ）よろしく,（どうぞ）よろしく,（ど↓うぞ）　よろしく○,(doozo) yoroshiku,I look forward to getting to know you.,Exp,,
4,こちら,こちら,こちら○,kochira,this is (used when introducing someone),N,指示表現,
4,子ども,こども,こども○,kodomo,child,N,,
4,紹介する,しょうかいする,しょうかいする○,shookai-suru,to introduce,V［3］,,
4,～先生,～せんせい,～せんせ↓い,～sensee,～ sensee (suffix for teacher),N,,
4,父,ちち,ち↓ち,chichi,(my) father,N,,
4,妻,つま,つ↓ま,tsuma,(my) wife,N,,
4,母,はは,は↓は,haha,(my) mother,N,,
4,いくつ,いくつ,い↓くつ,ikutsu,how old (asking age),N,疑問表現,
4,うちの,うちの,うちの○,uchi no,my / our,,,
4,家族／ご家族,かぞく／ごかぞく,か↓ぞく／ごか↓ぞく,kazoku / gokazoku,family / (your) family,N,,
4,そう,そう,そ↓う,soo,I see. (a casual way of saying そうですか),Exp,,
4,90,きゅうじゅう,きゅ↓うじゅう,kyuujuu,ninety,N,数字,
4,50,ごじゅう,ごじゅ↓う,gojuu,fifty,N,数字,
4,～歳,～さい,～さい,～sai,～ years old,,接頭/接尾,
4,30,さんじゅう,さ↓んじゅう,sanjuu,thirty,N,数字,
4,11,じゅういち,じゅういち↓,juu-ichi,eleven,N,数字,
4,19,じゅうきゅう,じゅうきゅ↓う,juu-kyuu,nineteen,N,数字,
4,15,じゅうご,じゅうご↓,juu-go,fifteen,N,数字,
4,13,じゅうさん,じゅうさ↓ん,juu-san,thirteen,N,数字,
4,17,じゅうなな,じゅうな↓な,juu-nana,seventeen,N,数字,
4,12,じゅうに,じゅうに↓,juu-ni,twelve,N,数字,
4,18,じゅうはち,じゅうはち↓,juu-hachi,eighteen,N,数字,
4,14,じゅうよん,じゅうよ↓ん,juu-yon,fourteen,N,数字,
4,16,じゅうろく,じゅうろく↓,juu-roku,sixteen,N,数字,
4,住む,すむ,す↓む,sumu,to live,V［1］,,
4,住んでいます,すんでいます,す↓んでいま↓す,sunde imasu,live,,,
4,それから,それから,それから○,sorekara,and then,,接続表現,
4,どこ,どこ,ど↓こ,doko,where,N,疑問表現,
4,70,ななじゅう,なな↓じゅう,nanajuu,seventy,N,数字,
4,何歳,なんさい,な↓んさい,nan-sai,how old,N,疑問表現,
4,20,にじゅう,に↓じゅう,nijuu,twenty,N,数字,
4,20歳,にじゅっさい／はたち,にじゅ↓っさい／は↓たち,nijussai / hatachi,twenty years old,N,,
4,80,はちじゅう,はちじゅ↓う,hachijuu,eighty,N,数字,
4,フィリピン,フィリピン,フィ↓リピン,Firipin,the Philippines,N,国名,
4,40,よんじゅう,よ↓んじゅう,yonjuu,forty,N,数字,
4,60,ろくじゅう,ろくじゅ↓う,rokujuu,sixty,N,数字,
4,犬,いぬ,いぬ↓,inu,dog,N,,
4,おじいさん,おじいさん,おじ↓いさん,ojiisan,old male ,N,,
4,かわいいですね,かわいいですね,かわい↓いですね,kawaii desu ne,How cute!,Exp,,
4,へー,へー,へー○,hee,Oh. (expresses slight interest),Exp,,
4,恋人,こいびと,こいびと○,koibito,boyfriend / girlfriend,N,,
4,だれ,だれ,だ↓れ,dare,who,N,疑問表現,
4,東京,とうきょう,とうきょう○,Tookyoo,Tokyo,N,地域・都市,
4,日本,にほん,にほ↓ん,Nihon,Japan,N,国名,
4,ペット,ペット,ペ↓ット,petto,pet,N,,
4,海,うみ,う↓み,umi,sea / ocean,N,,
4,最高,さいこう,さいこう○,saikoo,fantastic,N,,
4,誕生日,たんじょうび,たんじょ↓うび,tanjoobi,birthday,N,,
4,ツーショット,ツーショット,ツーショ↓ット,tsuushotto,a photograph of two people,N,,
4,天気／お天気,てんき／おてんき,て↓んき／おて↓んき,tenki / otenki,weather,N,,
5,好きです,すきです,すき↓です,suki desu,I like it.,Exp,,
5,魚,さかな,さかな○,sakana,fish,N,,
5,肉,にく,にく↓,niku,meat,N,,
5,野菜,やさい,やさい○,yasai,vegetable,N,,
5,うどん,うどん,うどん○,udon,udon noodles,N,,
5,梅干し,うめぼし,うめぼし○,umeboshi,umeboshi (pickled plum),N,,
5,カレー,カレー,カレー○,karee,curry ,N,,
5,牛丼,ぎゅうどん,ぎゅうどん○,gyuudon,beef bowl,N,,
5,すごい！,すごい！,すご↓い！,sugoi !,Wow!,Exp,,
5,だいじょうぶですか？,だいじょうぶですか？,だいじょ↓うぶですか？,daijoobu desu ka?,Is it okay?,Exp,,
5,～はちょっと…,～はちょっと…,～はちょ↓っと…,～wa chotto…,I don't really like ～.,Exp,,
5,刺身,さしみ,さしみ↓,sashimi,sashimi (sliced raw fish),N,,
5,すし,すし,すし↓,sushi,sushi,N,,
5,そば,そば,そ↓ば,soba,soba noodles,N,,
5,食べ物,たべもの,たべも↓の／たべ↓もの,tabemono,food,N,,
5,天ぷら,てんぷら,てんぷら○,tenpura,tempura,N,,
5,納豆,なっとう,なっと↓う,nattoo,natto (fermented soybeans),N,,
5,何,なに,な↓に,nani,what,N,疑問表現,
5,ラーメン,ラーメン,ラ↓ーメン,raamen,ramen noodles,N,,
5,わさび,わさび,わ↓さび,wasabi,wasabi (Japanese horseradish),N,,
5,いえ／いいえ,いえ／いいえ,いえ○／いいえ○,ie / iie,no,,,
5,お酒,おさけ,おさけ○,osake,alcohol / sake,N,,
5,お茶,おちゃ,おちゃ○,ocha,tea / Japanese tea,N,,
5,紅茶,こうちゃ,こうちゃ○,koocha,black tea,N,,
5,コーヒー,コーヒー,コーヒ↓ー,koohii,coffee,N,,
5,コーラ,コーラ,コ↓ーラ,koora,cola,N,,
5,いえ、けっこうです,いえ、けっこうです,いえ○、け↓っこうです,"ie, kekkoo desu","No, thank you.",Exp,,
5,～お願いします,～おねがいします,～おねがいしま↓す,～onegaishimasu,～ please.,Exp,,
5,はい、お願いします,はい、おねがいします,は↓い、おねがいしま↓す,"hai, onegaishimasu","Yes, please.",Exp,,
5,ジュース,ジュース,ジュ↓ース,juusu,juice,N,,
5,飲む／飲みます,のむ／のみます,の↓む／のみま↓す,nomu / nomimasu,to drink,V［1］,,
5,ビール,ビール,ビ↓ール,biiru,beer,N,,
5,水,みず,みず○,mizu,water ,N,,
5,朝ご飯,あさごはん,あさご↓はん,asa-gohan,breakfast,N,,
5,あまり,あまり,あまり○,amari,rarely,,副詞的表現,
5,いつも,いつも,い↓つも,itsumo,always,,副詞的表現,
5,オレンジジュース,オレンジジュース,オレンジジュ↓ース,orenji-juusu,orange juice,N,,
5,牛乳,ぎゅうにゅう,ぎゅうにゅう○,gyuunyuu,milk,N,,
5,果物,くだもの,くだ↓もの,kudamono,fruit,N,,
5,ご飯,ごはん,ご↓はん,gohan,cooked rice,N,,
5,え～！,え～！,え～！○,ee!,Huh?! (expresses surprise),Exp,,
5,サラダ,サラダ,サ↓ラダ,sarada,salad,N,,
5,シリアル,シリアル,シ↓リアル,shiriaru,cereal,N,,
5,スープ,スープ,ス↓ープ,suupu,soup,N,,
5,食べる／食べます,たべる／たべます,たべ↓る／たべま↓す,taberu / tabemasu,to eat,V［2］,,
5,卵,たまご,たま↓ご,tamago,egg,N,,
5,トマトジュース,トマトジュース,トマトジュ↓ース,tomato-juusu,tomato juice,N,,
5,パン,パン,パ↓ン,pan,bread,N,,
5,みそ汁,みそしる,みそし↓る,misoshiru,miso soup,N,,
5,ヨーグルト,ヨーグルト,ヨーグ↓ルト,yooguruto,yoghurt,N,,
5,よく,よく,よ↓く,yoku,often,,副詞的表現,
5,りんごジュース,りんごジュース,りんごジュ↓ース,ringo-juusu,apple juice,N,,
5,今日,きょう,きょ↓う,kyoo,today,N,,
5,いただきます,いただきます,いただきま↓す,itadakimasu,Thank you for the food ! (polite expression said before a meal),Exp,,
6,アイスクリーム,アイスクリーム,アイスクリ↓ーム,aisukuriimu,ice cream,N,,
6,アイスコーヒー,アイスコーヒー,アイスコーヒ↓ー／アイスコ↓ーヒー,aisu-koohii,iced coffee,N,,
6,アップルパイ,アップルパイ,アップル↓パイ,appurupai,apple pie,N,,
6,ウーロン茶,ウーロンちゃ,ウーロ↓ンちゃ,uuroncha,oolong tea,N,,
6,S,エス,エ↓ス,esu,small,N,,
6,M,エム,エ↓ム,emu,medium,N,,
6,L,エル,エ↓ル,eru,large,N,,
6,コカコーラ,コカコーラ,コカコ↓ーラ,koka-koora,Coca-Cola,N,固有名詞,
6,セット,セット,セ↓ット,setto,set,N,,
6,ダブル,ダブル,ダ↓ブル,daburu,double,N,,
6,単品,たんぴん,たんぴん○,tanpin,single item,N,,
6,チーズ,チーズ,チ↓ーズ,chiizu,cheese,N,,
6,チキン,チキン,チ↓キン,chikin,chicken,N,,
6,デザート,デザート,デザ↓ート,dezaato,dessert,N,,
6,てりやき,てりやき,てりやき○,teriyaki,teriyaki,N,,
6,ドリンク,ドリンク,ドリ↓ンク／ドリンク○,dorinku,drink,N,,
6,～バーガー　（ダブルバーガー）,～バーガー  （ダブルバーガー）,～バ↓ーガー  （ダブルバ↓ーガー）,～baagaa　(daburu baagaa),～ burger　(e.g. double burger),N,,
6,ハンバーガー,ハンバーガー,ハンバ↓ーガー,hanbaagaa,hamburger,N,,
6,フィッシュ,フィッシュ,フィ↓ッシュ,fisshu,fish,N,,
6,フライドポテト,フライドポテト,フライドポ↓テト,furaido-poteto,French fries / fried potatoes,N,,
6,ホットコーヒー,ホットコーヒー,ホットコーヒ↓ー／ホットコ↓ーヒー,hotto-koohii,hot coffee,N,,
6,サイズ,サイズ,サイズ○／サ↓イズ,saizu,size,N,,
6,いらっしゃいませ,いらっしゃいませ,いらっしゃいま↓せ,irasshaimase,Welcome.,Exp,,
6,おうかがいします,おうかがいします,おうかがいしま↓す,oukagaishimasu,Can I take your order? (polite expression),Exp,,
6,お持ち帰りですね,おもちかえりですね,おもちかえりで↓すね,omochikaeri desu ne,"That's to take out, right? (polite expression)",Exp,,
6,～ください,～ください,～くださ↓い,～kudasai,Give me ～.,Exp,,
6,ここで,ここで,ここで○,koko de,"Eat in, please.",Exp,,
6,こちらでおめしあがりですか？,こちらでおめしあがりですか？,こちらでおめしあがりで↓すか？,kochira de omeshiagari desu ka?,Would you like to eat in? (polite expression),Exp,,
6,テイクアウトで,テイクアウトで,テイクア↓ウトで,teikuauto de,"To takeout, please.",Exp,,
6,何になさいますか？,なにになさいますか？,な↓にになさいま↓すか？,nani ni nasaimasu ka?,What would you like? (polite expression),Exp,,
6,うーん,うーん,うーん○,uun,Well...　(expresses that the speaker is not sure and is thinking),Exp,,
6,おいしいです,おいしいです,おいし↓いです,oishii desu,It's delicious.,Exp,,
6,ここ、いいですか？,ここ、いいですか？,ここ○、い↓いですか？,"koko, ii desuka?",Can I sit here?,Exp,,
6,どうですか？,どうですか？,ど↓うですか？,doo desu ka?,How is it?,Exp,,
6,～にします,～にします,～にしま↓す,～ni shimasu,I'll have ～.,Exp,,
6,あと,あと,あ↓と,ato,and / also,,接続表現,
6,ある／あります,ある／あります,あ↓る／ありま↓す,aru / arimasu,to have,V［1］,,
6,いくつ,いくつ,い↓くつ,ikutsu,how many (asking quantity),N,疑問表現,
6,5つ,いつつ,いつ↓つ,itsutsu,five (for things),N,,
6,ウーロンハイ,ウーロンハイ,ウーロ↓ンハイ,uuronhai,oolong tea-flavored chu-hi,N,,
6,枝豆,えだまめ,えだまめ○,edamame,edamame (green soybeans in the pod),N,,
6,お魚,おさかな,おさかな○,osakana,fish,N,,
6,おしぼり,おしぼり,おし↓ぼり,oshibori,wet hand towel,N,,
6,おつまみ,おつまみ,おつ↓まみ,otsumami,snacks,N,,
6,お肉,おにく,おに↓く,oniku,meat,N,,
6,唐揚げ,からあげ,からあげ○,karaage,deep-fried,N,,
6,カルピス,カルピス,カ↓ルピス,karupisu,Calpis,N,,
6,カルピスハイ,カルピスハイ,カルピス↓ハイ,karupisuhai,Calpis-flavored chu-hi,N,,
6,グラス,グラス,グラス○,gurasu,glass,N,,
6,ケチャップ,ケチャップ,ケチャ↓ップ／ケ↓チャップ,kechappu,ketchup,N,,
6,9つ,ここのつ,ここ↓のつ,kokonotsu,nine (for things),N,,
6,サイコロステーキ,サイコロステーキ,サイコロステ↓ーキ,saikoro-suteeki,diced steak,N,,
6,刺身,さしみ,さしみ↓,sashimi,sashimi (sliced raw fish),N,,
6,しおから,しおから,しおか↓ら／しおから○,shiokara,shiokara (pickled seafood),N,,
6,焼酎,しょうちゅう,しょうちゅ↓う,shoochuu,shochu (Japanese distilled liquor),N,,
6,スプーン,スプーン,スプ↓ーン,supuun,spoon,N,,
6,お問い合わせください,おといあわせください,おといあわせくださ↓い,otoiawase-kudasai,Please ask. (polite expression),Exp,,
6,お持ちします,おもちします,おもちしま↓す,omochi-shimasu,I'll bring them to you. (polite expression used by staff),Exp,,
6,すみません,すみません,すみませ↓ん,sumimasen,Excuse me. (used when the speaker wants to start talking to someone),Exp,,
6,ソフトドリンク,ソフトドリンク,ソフトドリ↓ンク,sofuto-dorinku,soft drink,N,,
6,たこわさ,たこわさ,たこわさ○,takowasa,takowasa (raw octopus seasoned with wasabi),N,,
6,酎ハイ,ちゅうハイ,ちゅうハイ○,chuuhai,chu-hi (Japanese distilled liquor mixed with soda water),N,,
6,～点盛  （7点盛）,～てんもり　（ななてんもり）,～てんもり○　（ななてんもり○）,～ten-mori　(nana-ten-mori),set of ～ items　(set of seven items),N,,
6,特製つくね,とくせいつくね,とくせいつ↓くね,tokusee-tsukune,special tsukune (meatballs),N,,
6,とり,とり,とり○,tori,chicken,N,,
6,取り皿,とりざら,とり↓ざら,torizara,individual plate,N,,
6,7つ,ななつ,なな↓つ,nanatsu,seven (for things),N,,
6,生ビール,なまビール,なまビ↓ール,nama-biiru,draft beer,N,,
6,日本酒,にほんしゅ,にほんしゅ○,nihonshu,sake (Japanese rice wine),N,,
6,馬刺,ばさし,ばさし○,basashi,basashi (horse meat sashimi),N,,
6,はし／おはし,はし／おはし,は↓し／おは↓し,hashi / ohashi,chopsticks,N,,
6,1つ,ひとつ,ひと↓つ,hitotsu,one (for thing),N,,
6,冷やしトマト,ひやしトマト,ひやしト↓マト,hiyashi-tomato,chilled tomatoes,N,,
6,冷奴,ひややっこ,ひやや↓っこ,hiyayakko,cold tofu,N,,
6,2つ,ふたつ,ふたつ↓,futatsu,two (for things) ,N,,
6,マヨネーズ,マヨネーズ,マヨネ↓ーズ,mayoneezu,mayonnaise,N,,
6,3つ,みっつ,みっつ↓,mittsu,three (for things),N,,
6,6つ,むっつ,むっつ↓,muttsu,six (for things),N,,
6,メニュー,メニュー,メ↓ニュー,menyuu,menu,N,,
6,盛り合わせ,もりあわせ,もりあわせ○,moriawase,assortment,N,,
6,焼魚,やきざかな,やきざ↓かな,yakizakana,grilled fish,N,,
6,焼き鳥／焼鳥,やきとり,やきとり○,yakitori,yakitori (grilled chicken),N,,
6,8つ,やっつ,やっつ↓,yattsu,eight (for things),N,,
6,4つ,よっつ,よっつ↓,yottsu,four (for things),N,,
6,緑茶,りょくちゃ,りょくちゃ○,ryokucha,green tea,N,,
6,緑茶ハイ,りょくちゃハイ,りょくちゃ↓ハイ,ryokuchahai,green tea-flavored chu-hi,N,,
6,レモンハイ,レモンハイ,レモ↓ンハイ,remonhai,lemon-flavored chu-hi,N,,
6,居酒屋,いざかや,いざかや○,izakaya,izakaya (Japanese-style pub),N,,
6,うどん,うどん,うどん○,udon,udon noodles,N,,
6,カレー,カレー,カレー○,karee,curry ,N,,
6,牛丼,ぎゅうどん,ぎゅうどん○,gyuudon,beef bowl,N,,
6,すし,すし,すし↓,sushi,sushi,N,,
6,そば,そば,そ↓ば,soba,soba noodles,N,,
6,ラーメン,ラーメン,ラ↓ーメン,raamen,ramen noodles,N,,
7,1階,いっかい,いっかい○,ikkai,first floor,N,,
7,居間,いま,いま↓,ima,living room,N,,
7,お風呂,おふろ,おふ↓ろ,ofuro,bathroom,N,,
7,階段,かいだん,かいだん○,kaidan,stairs,N,,
7,管理人室,かんりにんしつ,かんりに↓んしつ,kanrininshitsu,building manager's office,N,,
7,キッチン,キッチン,キ↓ッチン,kicchin,kitchen,N,,
7,くつ,くつ,くつ↓,kutsu,shoes,N,,
7,玄関,げんかん,げ↓んかん,genkan,entrance,N,,
7,ご飯,ごはん,ご↓はん,gohan,food　/　meal,N,,
7,食堂,しょくどう,しょくどう○,shokudoo,cafeteria,N,,
7,お世話になります,おせわになります,おせ↓わになります,osewa ni narimasu,I'll be in your care. (polite expression used when meeting someone who will look after you),Exp,,
7,脱いでください,ぬいでください,ぬ↓いでくださ↓い,nuide kudasai,Please take them off.,Exp,,
7,入ってください,はいってください,は↓いってくださ↓い,haitte kudasai,Please come in.,Exp,,
7,台所,だいどころ,だいどころ○,daidokoro,kitchen,N,,
7,トイレ,トイレ,ト↓イレ,toire,toilet,N,,
7,2階,にかい,にかい○,ni-kai,second floor,N,,
7,庭,にわ,にわ○,niwa,garden,N,,
7,脱ぐ／脱ぎます,ぬぐ／ぬぎます,ぬ↓ぐ／ぬぎま↓す,nugu / nugimasu,to take off,V［1］,,
7,入る／入ります,はいる／はいります,は↓いる／はいりま↓す,hairu / hairimasu,to come in,V［1］,,
7,バルコニー,バルコニー,バルコ↓ニー／バル↓コニー／バ↓ルコニー,barukonii,balcony,N,,
7,部屋,へや,へや↓,heya,room,N,,
7,ベランダ,ベランダ,ベランダ○,beranda,veranda,N,,
7,リビング,リビング,リ↓ビング,ribingu,living room,N,,
7,いす,いす,いす○,isu,chair,N,,
7,エアコン,エアコン,エアコン○,eakon,air-conditioner,N,,
7,炊飯器,すいはんき,すいは↓んき,suihanki,rice-cooker,N,,
7,洗濯機,せんたくき,せんたく↓き,sentakuki,washing machine,N,,
7,使ってください,つかってください,つかってくださ↓い,tsukatte kudasai,Please use it.,Exp,,
7,使う／使います,つかう／つかいます,つかう○／つかいま↓す,tsukau / tsukaimasu,to use,V［1］,,
7,テーブル,テーブル,テーブル○,teeburu,table,N,,
7,テレビ,テレビ,テ↓レビ,terebi,television,N,,
7,電子レンジ,でんしレンジ,でんしレ↓ンジ,denshi-renji,microwave,N,,
7,トースター,トースター,ト↓ースター,toosutaa,toaster,N,,
7,ない,ない,な↓い,nai,I don't / no (negative of ある),イA,,
7,ふとん,ふとん,ふとん○,futon,futon (Japanese bedding),N,,
7,ベッド,ベッド,ベ↓ッド,beddo,bed,N,,
7,みんなで,みんなで,みんな↓で,minna de,with everybody,,,
7,冷蔵庫,れいぞうこ,れいぞ↓うこ,reezooko,refrigerator,N,,
7,Wi-Fi,ワイファイ,ワイファイ○,wai-fai,Wi-Fi,N,,
7,新しい,あたらしい,あたらし↓い,atarashii,new,イA,,
7,家,いえ,いえ↓,ie,house,N,,
7,うち,うち,うち○,uchi,home,N,,
7,うるさい,うるさい,うるさ↓い,urusai,noisy,イA,,
7,大きい,おおきい,おおき↓い,ookii,large,イA,,
7,きたない,きたない,きたな↓い,kitanai,untidy,イA,,
7,きれい（な）,きれい（な）,き↓れい（な）,kiree (na),tidy,ナA,,
7,～区　（南区）,～く　（みなみく）,～く　（みなみ↓く）,～ku　(minami-ku),～ Ward　(e.g. Minami Ward),,接頭/接尾,
7,静か（な）,しずか（な）,し↓ずか（な）,shizuka (na),quiet,ナA,,
7,せまい,せまい,せま↓い,semai,cramped,イA,,
7,いいですね,いいですね,い↓いですね,ii desu ne,That's nice.,Exp,,
7,どう？,どう？,ど↓う？,doo?,How is it? (a casual way of saying どうですか？),Exp,,
7,ふーん,ふーん,ふーん○,fuun,Hmm… (casually indicates that the speaker is listening to the other person),Exp,,
7,小さい,ちいさい,ちいさ↓い,chiisai,small,イA,,
7,近く,ちかく,ち↓かく,chikaku,close,N,,
7,ちょっと,ちょっと,ちょ↓っと,chotto,a little,,副詞的表現,
7,でも,でも,で↓も,demo,but,,接続表現,
7,どう,どう,ど↓う,doo,how,,疑問表現,
7,とても,とても,とても○,totemo,very,,副詞的表現,
7,広い,ひろい,ひろ↓い,hiroi,spacious,イA,,
7,古い,ふるい,ふる↓い,furui,old,イA,,
7,アパート,アパート,アパ↓ート,apaato,apartment,N,,
7,一戸建て,いっこだて,いっこだて○,ikkodate,detached house,N,,
7,お寺,おてら,おてら○,otera,temple,N,,
7,学校,がっこう,がっこう○,gakkoo,school,N,,
7,公園,こうえん,こうえん○,kooen,park,N,,
7,シェアハウス,シェアハウス,シェアハ↓ウス,shea-hausu,shared house,N,,
7,すごい,すごい,すご↓い,sugoi,amazing,イA,,
7,すごいですね,すごいですね,すご↓いですね,sugoi desu ne,That's amazing.,Exp,,
7,マンション,マンション,マ↓ンション,manshon,condominium,N,,
7,寮,りょう,りょ↓う,ryoo,dormitory,N,,
7,一時停止,いちじていし,いち↓じていし／いちじて↓いし,ichiji-teeshi,pause,N,,［1］洗濯機
7,入れる／入,いれる,いれる○,ireru,to turn on / ON,V［2］,,［1］洗濯機
7,おいそぎ,おいそぎ,おいそぎ○,oisogi,quick wash,N,,［1］洗濯機
7,温度,おんど,お↓んど,ondo,temperature,N,,［2］エアコン
7,風向,かざむき／ふうこう,かざむき○／ふうこう○,kazamuki / fuukoo,wind direction,N,,［2］エアコン
7,切る／切,きる,き↓る,kiru,to turn off / OFF,V［1］,,［1］洗濯機
7,コース,コース,コ↓ース,koosu,mode,N,,［1］洗濯機
7,自動,じどう,じどう○,jidoo,automatic,N,,［2］エアコン
7,除湿,じょしつ,じょしつ○,joshitsu,dehumidify,N,,［2］エアコン
7,水量,すいりょう,すいりょう○,suiryoo,water volume,N,,［1］洗濯機
7,スタート,スタート,スタ↓ート,sutaato,start,N,,［1］洗濯機
7,槽洗浄,そうせんじょう,そうせ↓んじょう,soosenjoo,drum cleaning,N,,［1］洗濯機
7,タイマー,タイマー,タ↓イマー,taimaa,timer,N,,［2］エアコン
7,暖房,だんぼう,だんぼう○,danboo,heat,N,,［2］エアコン
7,手洗い,てあらい,てあ↓らい,tearai,hand wash,N,,［1］洗濯機
7,停止,ていし,ていし○,teeshi,stop,N,,［2］エアコン
7,電源,でんげん,でんげん○,dengen,power supply,N,,［1］洗濯機
7,ドライ,ドライ,ドラ↓イ,dorai,delicate wash,N,,［1］洗濯機
7,取消,とりけし,とりけし○,torikeshi,cancel,N,,［2］エアコン
7,残り,のこり,のこり↓,nokori,remaining,N,,［1］洗濯機
7,標準,ひょうじゅん,ひょうじゅん○,hyoojun,standard,N,,［1］洗濯機
7,風量,ふうりょう,ふうりょ↓う／ふうりょう○,fuuryoo,wind speed,N,,［2］エアコン
7,毛布,もうふ,も↓うふ,moofu,blankets,N,,［1］洗濯機
7,予約,よやく,よやく○,yoyaku,timer,N,,［1］洗濯機
7,冷房,れいぼう,れいぼう○,reeboo,cool,N,,［2］エアコン
8,打ち合わせをする／します,うちあわせをする／します,うちあわせをする○／しま↓す,uchiawase o suru / shimasu,to do meeting,V［3］,,
8,お茶をいれる／いれます,おちゃをいれる／いれます,おちゃをいれる○／いれま↓す,ocha o ireru / iremasu,to make tea,V［2］,,
8,会議室,かいぎしつ,かいぎ↓しつ,kaigishitsu,conference room,N,,
8,着替える／着替えます,きがえる／きがえます,きが↓える／きがえ↓る／きがえま↓す,kigaeru / kigaemasu,to change (clothing),V［2］,,
8,喫煙所,きつえんじょ,きつえんじょ○,kitsuenjo,smoking room / smoking area,N,,
8,給湯室,きゅうとうしつ,きゅうと↓うしつ,kyuutooshitsu,kitchenette,N,,
8,更衣室,こういしつ,こうい↓しつ,kooishitsu,changing room,N,,
8,ご飯を食べる／食べます,ごはんをたべる／たべます,ご↓はんをたべ↓る／たべま↓す,gohan o taberu / tabemasu,to have meal,V［2］,,
8,食堂,しょくどう,しょくどう○,shokudoo,cafeteria,N,,
8,倉庫,そうこ,そ↓うこ,sooko,storeroom　,N,,
8,男性,だんせい,だんせい○,dansee,men,N,,
8,いる／います,いる／います,いる○／いま↓す,iru / imasu,to be present,V［2］,,
8,探してみます,さがしてみます,さがしてみま↓す,sagashite mimasu,I'll try to look.,Exp,,
8,たぶん,たぶん,た↓ぶん,tabun,probably,,副詞的表現,
8,～ね　（いませんね）,～ね　（いませんね）,～ね　（いませ↓んね）,～ne　(imasen ne),(used when sharing  information with someone),,文末表現,
8,～よ　（いるよ）,～よ　（いるよ）,～よ　（いる○よ）,～yo　(iru yo),(used when telling someone information they did not know),,文末表現,
8,あそこ,あそこ,あそこ○,asoko,over there,N,指示表現,
8,上,うえ,うえ○／～（の）うえ↓,ue,above,N,,
8,ガムテープ,ガムテープ,ガムテ↓ープ,gamu-teepu,duct tape,N,,
8,ここ,ここ,ここ○,koko,here,N,指示表現,
8,コピー機,コピーき,コピ↓ーき,kopiiki,copy machine,N,,
8,ごみ箱,ごみばこ,ごみば↓こ,gomibako,garbage can,N,,
8,下,した,した○／～（の）した↓,shita,below,N,,
8,そこ,そこ,そこ○,soko,there,N,指示表現,
8,ありました,ありました,ありま↓した,arimashita,It's here. (used when you have found something you were looking for),Exp,,
8,机,つくえ,つくえ○,tsukue,desk,N,,
8,中,なか,な↓か,naka,inside,N,,
8,のり,のり,のり↓,nori,glue,N,,
8,箱,はこ,はこ○,hako,box,N,,
8,はさみ,はさみ,はさみ↓／はさ↓み,hasami,scissors,N,,
8,引き出し,ひきだし,ひきだし○,hikidashi,drawer,N,,
8,FAX,ファックス,ファ↓ックス,fakkusu,fax,N,,
8,横,よこ,よこ○,yoko,beside,N,,
8,応接室,おうせつしつ,おうせつ↓しつ,oosetsushitsu,reception room,N,,
8,事務室,じむしつ,じむ↓しつ,jimushitsu,office,N,,
9,朝,あさ,あ↓さ,asa,morning,N,,
9,1時,いちじ,いち↓じ,ichi-ji,one o'clock,N,,
9,今,いま,い↓ま,ima,now,N,,
9,ええ,ええ,え↓え,ee,yes,,,
9,お祈り,おいのり,おいのり○,oinori,prayer,N,,
9,起きる／起きます,おきる／おきます,おき↓る／おきま↓す,okiru / okimasu,to wake up,V［2］,,
9,遅い,おそい,おそい○／おそ↓い,osoi,late,イA,,
9,音楽,おんがく,お↓んがく,ongaku,music,N,,
9,聞く／聞きます,きく／ききます,きく○／ききま↓す,kiku / kikimasu,to listen,V［1］,,
9,9時,くじ,く↓じ,ku-ji,nine o'clock,N,,
9,ゲーム,ゲーム,ゲ↓ーム,geemu,games,N,,
9,午後,ごご,ご↓ご,gogo,p.m.,N,,
9,5時,ごじ,ご↓じ,go-ji,five o'clock,N,,
9,午前,ごぜん,ご↓ぜん,gozen,a.m.,N,,
9,～ごろ,～ごろ,～ご↓ろ,～goro,around ～,,接頭/接尾,
9,3時,さんじ,さ↓んじ,san-ji,three o'clock,N,,
9,30分,さんじゅっぷん,さんじゅ↓っぷん,sanjuppun,～ :30 / half past ～,N,,
9,～時 ,～じ,～じ,～ji,～ o'clock,,接頭/接尾,
9,7時,しちじ,しち↓じ,shichi-ji,seven o'clock,N,,
9,11時,じゅういちじ,じゅういち↓じ,juu-ichi-ji,eleven o'clock,N,,
9,15分,じゅうごふん,じゅうご↓ふん,juu-go-fun,～ :15 / quarter past ～,N,,
9,10時,じゅうじ,じゅ↓うじ,juu-ji,ten o'clock,N,,
9,12時,じゅうにじ,じゅうに↓じ,juu-ni-ji,twelve o'clock,N,,
9,ジョギング,ジョギング,ジョギング○,jogingu,jogging,N,,
9,する／します,する／します,する○／しま↓す,suru / shimasu,to do,V［3］,,
9,だいたい,だいたい,だいたい○,daitai,about / around,,副詞的表現,
9,遅いですね,おそいですね,おそ↓いですね,osoi desu ne,That's late.,Exp,,
9,早いですね,はやいですね,はや↓いですね,hayai desu ne,That's early.,Exp,,
9,何時,なんじ,な↓んじ,nan-ji,what time,N,疑問表現,
9,2時,にじ,に↓じ,ni-ji,two o'clock,N,,
9,ネット,ネット,ネット○,netto,Internet,N,,
9,寝る／寝ます,ねる／ねます,ねる○／ねま↓す,neru / nemasu,to sleep,V［2］,,
9,8時,はちじ,はち↓じ,hachi-ji,eight o'clock,N,,
9,早い,はやい,はや↓い,hayai,early,イA,,
9,半,はん,は↓ん,han,～ :30 / half past ～,N,,
9,昼,ひる,ひる↓,hiru,afternoon,N,,
9,～分,～ふん／ぷん,～ふん／ぷん,～fun / pun,～ minutes (indicate the time),,接頭/接尾,
9,勉強する／勉強します,べんきょうする／べんきょうします,べんきょうする○／べんきょうしま↓す,benkyoo-suru / benkyoo-shimasu,to study,V［3］,,
9,毎朝,まいあさ,ま↓いあさ／まいあさ○,maiasa,every morning,N,,
9,毎日,まいにち,ま↓いにち／まいにち○,mainichi,every day,N,,
9,見る／見ます,みる／みます,み↓る／みま↓す,miru / mimasu,to watch,V［2］,,
9,4時,よじ,よ↓じ,yo-ji,four o'clock,N,,
9,夜,よる,よ↓る,yoru,night,N,,
9,45分,よんじゅうごふん,よ↓んじゅう△ご↓ふん,yonjuu-go-fun,～ :45 / quarter to ～,N,,
9,6時,ろくじ,ろく↓じ,roku-ji,six o'clock,N,,
9,1日,いちにち,いちにち↓,ichinichi,for the day,N,,
9,残業,ざんぎょう,ざんぎょう○,zangyoo,overtime,N,,
9,仕事,しごと,しごと○,shigoto,work,N,,
9,スケジュール,スケジュール,スケ↓ジュール,sukejuuru,schedule,N,,
9,説明する／説明します,せつめいする／せつめいします,せつめいする○／せつめいしま↓す,setsumee-suru / setsumee-shimasu,to explain,V［3］,,
9,朝礼,ちょうれい,ちょうれい○,chooree,morning assembly,N,,
9,ときどき,ときどき,ときどき○,tokidoki,sometimes,,副詞的表現,
9,はじめに,はじめに,はじめに○,hajimeni,first,,副詞的表現,
9,昼休み,ひるやすみ,ひるや↓すみ,hiruyasumi,lunch break,N,,
9,休み時間,やすみじかん,やすみじ↓かん,yasumijikan,break time,N,,
9,外出,がいしゅつ,がいしゅつ○,gaishutsu,out,N,,
9,銀行,ぎんこう,ぎんこう○,ginkoo,bank,N,,
9,行動,こうどう,こうどう○,koodoo,activity,N,,
9,在,ざい,ざ↓い,zai,present,N,,
9,氏名,しめい,し↓めい,shimee,full name,N,,
9,早退,そうたい,そうたい○,sootai,left early,N,,
9,遅刻,ちこく,ちこく○,chikoku,late,N,,
9,不在,ふざい,ふざい○,fuzai,absent,N,,
9,休み,やすみ,やすみ↓,yasumi,off,N,,
9,予定表,よていひょう,よていひょう○,yoteehyoo,schedule board,N,,
9,いい,いい,い↓い,ii,good,イA,,
9,行く／行きます,いく／いきます,いく○／いきま↓す,iku / ikimasu,to go,V［1］,,
9,いつ,いつ,い↓つ,itsu,when,N,疑問表現,
9,映画,えいが,えいが○／え↓いが,eega,movie,N,,
9,火曜日／火,かようび／か,かよ↓うび／か↓,ka-yoobi / ka,Tuesday,N,,
9,金曜日／金,きんようび／きん,きんよ↓うび／き↓ん,kin-yoobi / kin,Friday,N,,
9,月曜日／月,げつようび／げつ,げつよ↓うび／げ↓つ,getsu-yoobi / getsu,Monday,N,,
9,ご飯,ごはん,ご↓はん,gohan,food　/　meal,N,,
9,水曜日／水,すいようび／すい,すいよ↓うび／す↓い,sui-yoobi / sui,Wednesday,N,,
9,だいじょうぶ（な）,だいじょうぶ（な）,だいじょ↓うぶ（な）,daijoobu (na),fine,ナA,,
9,～にしましょう,～にしましょう,～にしましょ↓う,～ni shimashoo,Let's do it on ～.,Exp,,
9,だめ（な）,だめ（な）,だめ↓（な）,dame (na),no good,ナA,,
9,土曜日／土,どようび／ど,どよ↓うび／ど↓,do-yoobi / do,Saturday,N,,
9,何曜日,なんようび,なんよ↓うび,nan-yoobi,which day of the week,N,疑問表現,
9,日曜日／日,にちようび／にち,にちよ↓うび／に↓ち,nichi-yoobi / nichi,Sunday,N,,
9,プール,プール,プ↓ール,puuru,swimming pool,N,,
9,木曜日／木,もくようび／もく,もくよ↓うび／も↓く,moku-yoobi / moku,Thursday,N,,
10,ごみ,ごみ,ごみ↓,gomi,garbage,N,,
10,段ボール,だんボール,だんボ↓ール,danbooru,cardboard,N,,
10,置いて（ください）,おいて（ください）,おいて（くださ↓い）,oite (kudasai),(Please) put it down.,Exp,,
10,片付けて（ください）,かたづけて（ください）,かたづ↓けて（くださ↓い）,katazukete (kudasai) ,(Please) tidy it up.,Exp,,
10,閉めて（ください）,しめて（ください）,し↓めて（くださ↓い）,shimete (kudasai) ,(Please) close it.,Exp,,
10,捨てて（ください）,すてて（ください）,すてて（くださ↓い）,sutete (kudasai),(Please) throw it away.,Exp,,
10,手伝って（ください）,てつだって（ください）,てつだ↓って（くださ↓い）,tetsudatte (kudasai),(Please) help.,Exp,,
10,取って（ください）,とって（ください）,と↓って（くださ↓い）,totte (kudasai) ,(Please) take it.,Exp,,
10,並べて（ください）,ならべて（ください）,ならべて（くださ↓い）,narabete (kudasai),(Please) arrange it.,Exp,,
10,持って行って（ください）,もっていって（ください）,もってい↓って（くださ↓い）,motte-itte (kudasai) ,(Please) take it there.,Exp,,
10,持って来て（ください）,もってきて（ください）,もってき↓て（くださ↓い）,motte-kite (kudasai) ,(Please) bring it here.,Exp,,
10,ドライバー,ドライバー,ドライバー○,doraibaa,screwdriver,N,,
10,プロジェクタ,プロジェクタ,プロジェクタ○,purojekuta,projector,N,,
10,窓,まど,ま↓ど,mado,window,N,,
10,リモコン,リモコン,リモコン○,rimokon,remote controller,N,,
10,あとで,あとで,あ↓とで,ato de,later,,副詞的表現,
10,コピー,コピー,コ↓ピー,kopii,copy,N,,
10,19時,じゅうくじ,じゅうく↓じ,juu-ku-ji,7:00 p.m.,N,,
10,15時,じゅうごじ,じゅうご↓じ,juu-go-ji,3:00 p.m.,N,,
10,13時,じゅうさんじ,じゅうさ↓んじ,juu-san-ji,1:00 p.m.,N,,
10,17時,じゅうしちじ,じゅうしち↓じ,juu-shichi-ji,5:00 p.m.,N,,
10,18時,じゅうはちじ,じゅうはち↓じ,juu-hachi-ji,6:00 p.m.,N,,
10,14時,じゅうよじ,じゅうよ↓じ,juu-yo-ji,2:00 p.m.,N,,
10,16時,じゅうろくじ,じゅうろく↓じ,juu-roku-ji,4:00 p.m.,N,,
10,来てください,きてください,き↓てくださ↓い,kite kudasai,Please come.,Exp,,
10,もしもし,もしもし,も↓しもし,moshi moshi,Hello. (on the phone),Exp,,
10,隣,となり,となり○,tonari,next to,N,,
10,21時,にじゅういちじ,に↓じゅう△いち↓じ,nijuu-ichi-ji,9:00 p.m.,N,,
10,23時,にじゅうさんじ,に↓じゅう△さ↓んじ,nijuu-san-ji,11:00 p.m.,N,,
10,20時,にじゅうじ,にじゅ↓うじ,nijuu-ji,8:00 p.m.,N,,
10,22時,にじゅうにじ,に↓じゅう△に↓じ,nijuu-ni-ji,10:00 p.m.,N,,
10,～枚,～まい,～まい,～mai,～ sheets,,接頭/接尾,
10,～までに,～までに,～ま↓でに,～made ni,by ～,,,
10,0時,れいじ,れ↓いじ,ree-ji,12:00 midnight,N,,
10,折り返し,おりかえし,おりかえし○,orikaeshi,return (a call),N,,③
10,すぐに,すぐに,す↓ぐに,suguni,immediately,,副詞的表現,①
10,第～　（第2）,だい～　（だいに）,だい～　（だいに○）,dai～  (dai-ni),no.～　(e.g. no. 2),,接頭/接尾,①
10,電話がありました,でんわがありました,でんわがありま↓した,denwa ga arimashita,Someone called.,Exp,,③
10,電話する／電話します,でんわする／でんわします,でんわする○／でんわしま↓す,denwa-suru / denwa-shimasu,to telephone,V［3］,,③
10,電話してください,でんわしてください,でんわしてくださ↓い,denwa-shite kudasai,Please telephone.,Exp,,③
10,～部　（100部）,～ぶ　（ひゃくぶ）,～ぶ　（ひゃく↓ぶ）,～bu　(hyaku-bu),～ copies　(e.g. 100 copies),,接頭/接尾,②
10,えんぴつ,えんぴつ,えんぴつ○,enpitsu,pencil,N,,
10,貸す／貸します,かす／かします,かす○／かしま↓す,kasu / kashimasu,to lend,V［1］,,
10,カッター,カッター,カ↓ッター,kattaa,box cutter,N,,
10,借りる／借ります,かりる／かります,かりる○／かりま↓す,kariru / karimasu,to borrow,V［2］,,
10,充電器,じゅうでんき,じゅうで↓んき,juudenki,charger,N,,
10,電卓,でんたく,でんたく○,dentaku,calculator,N,,
10,ありますよ／あるよ,ありますよ／あるよ,ありま↓すよ／あ↓るよ,arimasu yo / aru yo,I have it.,Exp,,
10,いいよ,いいよ,い↓いよ,ii yo,Okay. (a casual way of saying いいですよ),Exp,,
10,のり,のり,のり↓,nori,glue,N,,
10,はさみ,はさみ,はさみ↓／はさ↓み,hasami,scissors,N,,
10,ふせん,ふせん,ふせん○,fusen,sticky note,N,,
10,ペン,ペン,ペ↓ン,pen,pen,N,,
10,ホチキス,ホチキス,ホ↓チキス,hochikisu,stapler,N,,
10,かみそり,かみそり,かみそ↓り,kamisori,razor,N,,②ホテルのバスルームで
10,こしょう,こしょう,こしょ↓う,koshoo,pepper,N,,①レストランで
10,コンディショナー,コンディショナー,コンディ↓ショナー,kondishonaa,conditioner,N,,②ホテルのバスルームで
10,砂糖,さとう,さと↓う,satoo,sugar,N,,①レストランで
10,塩,しお,しお↓,shio,salt,N,,①レストランで
10,シャンプー,シャンプー,シャ↓ンプー,shanpuu,shampoo,N,,②ホテルのバスルームで
10,数量,すうりょう,すうりょ↓う,suuryoo,quantity,N,,①レストランで
10,スプーン,スプーン,スプ↓ーン,supuun,spoon,N,,①レストランで
10,石けん,せっけん,せっけん○,sekken,soap,N,,②ホテルのバスルームで
10,タオル,タオル,タ↓オル,taoru,towel,N,,②ホテルのバスルームで
10,トイレットペーパー,トイレットペーパー,トイレットペ↓ーパー,toiretto-peepaa,toilet paper,N,,②ホテルのバスルームで
10,ナイフ,ナイフ,ナ↓イフ,naifu,knife,N,,①レストランで
10,はし,はし,は↓し,hashi ,chopsticks,N,,①レストランで
10,バスタオル,バスタオル,バスタ↓オル,basu-taoru,bath towel,N,,②ホテルのバスルームで
10,バスルーム,バスルーム,バスル↓ーム,basu-ruumu,bathroom,N,,②ホテルのバスルームで
10,歯ブラシ,はブラシ,はブ↓ラシ,haburashi,toothbrush,N,,②ホテルのバスルームで
10,備品リスト,びひんリスト,びひんリ↓スト,bihin-risuto,inventory,N,,①レストランで
10,品名,ひんめい,ひんめい○,hinmee,name of item,N,,①レストランで
10,フォーク,フォーク,フォ↓ーク,fooku,fork,N,,①レストランで
10,ミルク,ミルク,ミ↓ルク,miruku,milk,N,,①レストランで
11,アニメ,アニメ,ア↓ニメ／アニメ○,anime,anime (animation),N,,
11,映画,えいが,えいが○／え↓いが,eega,movie,N,,
11,音楽,おんがく,お↓んがく,ongaku,music,N,,
11,買い物,かいもの,かいもの○,kaimono,shopping,N,,
11,ゲーム,ゲーム,ゲ↓ーム,geemu,games,N,,
11,趣味,しゅみ,しゅ↓み,shumi,hobby,N,,
11,スポーツ,スポーツ,スポ↓ーツ,supootsu,sports,N,,
11,読書,どくしょ,ど↓くしょ,dokusho,reading,N,,
11,マンガ,マンガ,マンガ○,manga,manga (comic books),N,,
11,料理,りょうり,りょ↓うり,ryoori,cooking,N,,
11,アクション映画,アクションえいが,アクションえ↓いが,akushon-eega,action movie,N,,
11,SF,エスエフ,エスエフ○,esuefu,science fiction,N,,
11,クイーン,クイーン,クイ↓ーン,kuiin,Queen,N,人名,
11,クラシック,クラシック,クラシ↓ック,kurasshikku,classical,N,,
11,サッカー,サッカー,サ↓ッカー,sakkaa,soccer,N,,
11,ジャズ,ジャズ,ジャ↓ズ,jazu,jazz,N,,
11,ショパン,ショパン,ショ↓パン,shopan,Chopin,N,人名,
11,水泳,すいえい,すいえい○,suiee,swimming,N,,
11,スターウォーズ,スターウォーズ,スターウォ↓ーズ,sutaa-woozu,Star Wars,N,固有名詞,
11,大好き（な）,だいすき（な）,だ↓いすき（な）,daisuki (na),love,ナA,,
11,卓球,たっきゅう,たっきゅう○,takkyuu,table tennis,N,,
11,そうですねえ,そうですねえ,そ↓うですねえ,soo desu nee,Let's see. (used when the speaker is thinking),Exp,,
11,ドラゴンボール,ドラゴンボール,ドラゴンボ↓ール,doragon-booru,Dragon Ball,N,固有名詞,
11,どんな,どんな,ど↓んな,donna,what kind of,,疑問表現,
11,夏目漱石,なつめそうせき,なつめそ↓うせき,natsume sooseki,Natsume Soseki,N,人名,
11,バスケットボール,バスケットボール,バスケットボ↓ール,basuketto-booru,basketball,N,,
11,バドミントン,バドミントン,バドミ↓ントン,badominton,badminton,N,,
11,ハリー・ポッター,ハリー・ポッター,ハリー・ポ↓ッター,harii pottaa,Harry Potter,N,固有名詞,
11,ファンタジー,ファンタジー,ファ↓ンタジー,fantajii,fantasy,N,,
11,ホラー,ホラー,ホ↓ラー,horaa,horror,N,,
11,ミステリー,ミステリー,ミ↓ステリー,misuterii,mystery,N,,
11,村上春樹,むらかみはるき,むらかみは↓るき,murakami haruki,Murakami Haruki,N,人名,
11,ラグビー,ラグビー,ラ↓グビー,ragubii,rugby,N,,
11,恋愛映画,れんあいえいが,れんあいえ↓いが,ren'ai-eega,romantic movie,N,,
11,ロック,ロック,ロ↓ック,rokku,rock,N,,
11,あまり,あまり,あまり○,amari,rarely,,副詞的表現,
11,いつも,いつも,い↓つも,itsumo,always,,副詞的表現,
11,聞く／聞きます,きく／ききます,きく○／ききま↓す,kiku / kikimasu,to listen,V［1］,,
11,ごろごろ（する）／ごろごろ（します）,ごろごろ（する）／ごろごろ（します）,ご↓ろごろ（する）／ご↓ろごろ（します）,gorogoro (suru) / goｒoｇoro (shimasu),(to) laze around,N/V［3］,,
11,散歩,さんぽ,さんぽ○,sanpo,take a walk,N,,
11,する／します,する／します,する○／しま↓す,suru / shimasu,to do,V［3］,,
11,ぜんぜん,ぜんぜん,ぜんぜん○,zenzen,(not) at all,,副詞的表現,
11,洗濯,せんたく,せんたく○,sentaku,laundry,N,,
11,掃除,そうじ,そうじ○,sooji,cleaning,N,,
11,外,そと,そ↓と,soto,outside,N,,
11,たいてい,たいてい,たいてい○,taitee,usually,,副詞的表現,
11,テニス,テニス,テ↓ニス,tenisu,tennis,N,,
11,テレビ,テレビ,テ↓レビ,terebi,television,N,,
11,えらいですね,えらいですね,えら↓いですね,erai desu ne,That's admirable.,Exp,,
11,～かなあ,～かなあ,～かな↓あ,～kanaa, I wonder ～ （expresses that the speaker is thinking as they talk）,Exp,,
11,ときどき,ときどき,ときどき○,tokidoki,sometimes,,副詞的表現,
11,パチンコ,パチンコ,パチンコ○,pachinko,pachinko,N,,
11,1人で,ひとりで,ひと↓りで,hitori de,on my own,,,
11,勉強する／勉強します,べんきょうする／べんきょうします,べんきょうする○／べんきょうしま↓す,benkyoo-suru / benkyoo-shimasu,to study,V［3］,,
11,本,ほん,ほ↓ん,hon,book,N,,
11,見る／見ます,みる／みます,み↓る／みま↓す,miru / mimasu,to watch,V［2］,,
11,休みの日,やすみのひ,やすみのひ↓,yasumi no hi,day off,N,,
11,ゆっくりする／ゆっくりします,ゆっくりする／ゆっくりします,ゆっく↓りする／ゆっく↓りします,yukkuri-suru / yukkuri-shimasu,to relax,V［3］,,
11,よく,よく,よ↓く,yoku,often,,副詞的表現,
11,読む／読みます,よむ／よみます,よ↓む／よみま↓す,yomu / yomimasu,to read,V［1］,,
11,ショッピング,ショッピング,ショ↓ッピング,shoppingu,shopping,N,,
11,投稿,とうこう,とうこう○,tookoo,post,N,,
11,ファッション,ファッション,ファ↓ッション,fasshon,fashion,N,,
11,フォロー中,フォローちゅう,フォローちゅう○,foroochuu,following,N,,
11,フォロワー,フォロワー,フォロワー○,forowaa,follower,N,,
11,募集中,ぼしゅうちゅう,ぼしゅうちゅう○,boshuuchuu,looking for ～,N,,
12,あおぞら,あおぞら,あおぞ↓ら,aozora,blue skies,N,,③
12,1月,いちがつ,いちがつ↓,ichi-gatsu,January,N,,
12,5日,いつか,いつか○,itsuka,5th (day of the month),N,,
12,イベント,イベント,イベント○,ibento,event,N,,①
12,映画上映会,えいがじょうえいかい,えいがじょうえ↓いかい,eega-jooeekai,film screening,N,,②
12,～円,～えん,～えん,～en,～ yen,,接頭/接尾,②
12,縁日,えんにち,え↓んにち,ennichi,festival day,N,,①
12,お問い合わせ,おといあわせ,おといあわせ○,otoiawase ,inquiries,N,,②
12,会場,かいじょう,かいじょう○,kaijoo,venue,N,,①
12,9月,くがつ,く↓がつ,ku-gatsu,September,N,,
12,交流,こうりゅう,こうりゅう○,kooryuu,exchange,N,,③
12,5月,ごがつ,ご↓がつ,go-gatsu,May,N,,
12,9日,ここのか,ここのか○,kokonoka,9th (day of the month),N,,
12,3月,さんがつ,さ↓んがつ,san-gatsu,March,N,,
12,31日,さんじゅういちにち,さ↓んじゅう△いちにち↓,sanjuu-ichi-nichi,31st (day of the month),N,,
12,30日,さんじゅうにち,さんじゅ↓うにち,sanjuu-nichi,30th (day of the month),N,,
12,4月,しがつ,しがつ↓,shi-gatsu,April,N,,
12,7月,しちがつ,しちがつ↓,shichi-gatsu,July,N,,
12,11月,じゅういちがつ,じゅういちがつ↓,juu-ichi-gatsu,November,N,,
12,11日,じゅういちにち,じゅういちにち↓,juu-ichi-nichi,11th (day of the month),N,,
12,10月,じゅうがつ,じゅうがつ↓,juu-gatsu,October,N,,
12,19日,じゅうくにち,じゅうく↓にち,juu-ku-nichi,19th (day of the month),N,,
12,15日,じゅうごにち,じゅうご↓にち,juu-go-nichi,15th (day of the month),N,,
12,13日,じゅうさんにち,じゅうさ↓んにち,juu-san-nichi,13th (day of the month),N,,
12,17日,じゅうしちにち,じゅうしちにち↓,juu-shichi-nichi,17th (day of the month),N,,
12,12月,じゅうにがつ,じゅうにがつ↓,juu-ni-gatsu,December,N,,
12,12日,じゅうににち,じゅうににち↓,juu-ni-nichi,12th (day of the month),N,,
12,18日,じゅうはちにち,じゅうはちにち↓,juu-hachi-nichi,18th (day of the month),N,,
12,14日,じゅうよっか,じゅうよっか○／じゅ↓うよっか,juu-yokka,14th (day of the month),N,,
12,16日,じゅうろくにち,じゅうろくにち↓,juu-roku-nichi,16th (day of the month),N,,
12,上映作品,じょうえいさくひん,じょうえいさ↓くひん,jooee-sakuhin,film shown,N,,②
12,ステージ,ステージ,ステ↓ージ,suteeji,performance,N,,①
12,食べ物,たべもの,たべも↓の／たべ↓もの,tabemono,food,N,,①
12,駐車場,ちゅうしゃじょう,ちゅうしゃじょう○,chuushajoo,parking lot,N,,③
12,1日,ついたち,ついたち↓,tsuitachi,1st (day of the month),N,,
12,問い合わせ先,といあわせさき,といあわせさき○,toiawasesaki,contact details (for inquiries),N,,③
12,楽しもう！,たのしもう！,たのしも↓う！,tanoshimoo!,Let's enjoy ～.,Exp,,②
12,10日,とおか,とおか○,tooka,10th (day of the month),N,,
12,夏祭り,なつまつり,なつま↓つり,natsu-matsuri,summer festival,N,,①
12,7日,なのか,なのか○,nanoka,7th (day of the month),N,,
12,何月,なんがつ,な↓んがつ,nan-gatsu,which month,N,疑問表現,
12,何日,なんにち,な↓んにち,nan-nichi,which day of the month,N,疑問表現,
12,2月,にがつ,にがつ↓,ni-gatsu,February,N,,
12,21日,にじゅういちにち,に↓じゅう△いちにち↓,nijuu-ichi-nichi,21st (day of the month),N,,
12,29日,にじゅうくにち,に↓じゅう△く↓にち,nijuu-ku-nichi,29th (day of the month),N,,
12,25日,にじゅうごにち,に↓じゅう△ご↓にち,nijuu-go-nichi,25th (day of the month),N,,
12,23日,にじゅうさんにち,に↓じゅう△さ↓んにち,nijuu-san-nichi,23rd (day of the month),N,,
12,27日,にじゅうしちにち,に↓じゅう△しちにち↓,nijuu-shichi-nichi,27th (day of the month),N,,
12,22日,にじゅうににち,に↓じゅう△に↓にち,nijuu-ni-nichi,22nd (day of the month),N,,
12,28日,にじゅうはちにち,に↓じゅう△はちにち↓,nijuu-hachi-nichi,28th (day of the month),N,,
12,24日,にじゅうよっか,に↓じゅう△よっか○,nijuu-yokka,24th (day of the month),N,,
12,26日,にじゅうろくにち,に↓じゅう△ろくにち↓,nijuu-roku-nichi,26th (day of the month),N,,
12,日時,にちじ,に↓ちじ,nichiji,date and time,N,,③
12,日本語ボランティア教室,にほんごボランティアきょうしつ,にほんごボランティアきょ↓うしつ,nihongo-borantia-kyooshitsu,Japanese-language volunteer class,N,,③
12,入場無料,にゅうじょうむりょう,にゅうじょうむりょう○,nyuujoo-muryoo,free entry,N,,④
12,入場料,にゅうじょうりょう,にゅうじょ↓うりょう,nyuujooryoo,entry fee,N,,②
12,飲み物,のみもの,のみも↓の／のみ↓もの,nomimono,drink,N,,①
12,バーベキュー,バーベキュー,バーベ↓キュー,baabekyuu,barbecue,N,,③
12,場所,ばしょ,ばしょ○,basho,place,N,,②
12,8月,はちがつ,はちがつ↓,hachi-gatsu,August,N,,
12,20日,はつか,はつか○,hatsuka,20th (day of the month),N,,
12,広場,ひろば,ひ↓ろば,hiroba,square,N,,①
12,フェスティバル,フェスティバル,フェ↓スティバル,fesutibaru,festival,N,,④
12,2日,ふつか,ふつか○,futsuka,2nd (day of the month),N,,
12,プログラム,プログラム,プログ↓ラム,puroguramu,program,N,,②
12,文化センター,ぶんかセンター,ぶんかセ↓ンター,bunka-sentaa,cultural center,N,,①
12,ホール,ホール,ホ↓ール,hooru,hall,N,,②
12,3日,みっか,みっか○,mikka,3rd (day of the month),N,,
12,6日,むいか,むいか○,muika,6th (day of the month),N,,
12,野外,やがい,や↓がい,yagai,outdoors,N,,①
12,8日,ようか,ようか○,yooka,8th (day of the month),N,,
12,4日,よっか,よっか○,yokka,4th (day of the month),N,,
12,6月,ろくがつ,ろくがつ↓,roku-gatsu,June,N,,
12,あさって,あさって,あさ↓って,asatte,day after tomorrow,N,,
12,明日,あした,あした↓,ashita,tomorrow,N,,
12,空手,からて,からて○,karate,karate,N, ,
12,今日,きょう,きょ↓う,kyoo,today,N,,
12,今週,こんしゅう,こんしゅう○,konshuu,this week,N,,
12,試合,しあい,しあい○,shiai,match / game,N,,
12,残念です,ざんねんです,ざんね↓んです,zannen desu,That's a shame.,Exp,,
12,そうですね,そうですね,そ↓うですね,soo desu ne,"Me, too. / I agree.　(used when the speaker is agreeing with the other person)",Exp,,
12,楽しみですね,たのしみですね,たのし↓みですね,tanoshimi desu ne,I'm looking forward to it.,Exp,,
12,まだわかりません,まだわかりません,ま↓だ　わかりませ↓ん,mada wakarimasen,I don't know yet.,Exp,,
12,パーティー,パーティー,パ↓ーティー,paatii,party,N,,
12,忘年会,ぼうねんかい,ぼうね↓んかい／ぼうねんかい○,boonenkai,year-end party,N,,
12,もちろん,もちろん,もち↓ろん,mochiron,of course,,副詞的表現,
12,来週,らいしゅう,らいしゅう○,raishuu,next week,N,,
12,いっしょに,いっしょに,いっしょに○,issho ni,together,,副詞的表現,
12,男はつらいよ,おとこはつらいよ,おとこ↓はつら↓いよ,otoko wa tsurai yo,"Otoko wa Tsurai yo (""It's Tough Being a Man"")",N,固有名詞,
12,今度,こんど,こ↓んど,kondo,next,N,,
12,今晩,こんばん,こ↓んばん,konban,this evening,N, ,
12,また今度,またこんど,またこ↓んど,mata kondo,Maybe another time.,Exp,,
12,飲み会,のみかい,のみかい○,nomikai,drinking party,N,,
12,ハイキング,ハイキング,ハ↓イキング,haikingu,hiking,N,,
12,焼肉,やきにく,やきにく○,yakiniku,yakiniku (Japanese grilled meat),N,,
12,いいね！,いいね！,い↓いね！,ii ne,That's great! ,Exp,,
12,ぐすん,ぐすん,ぐす↓ん,gusun,Sniff.,Exp,,
12,残念,ざんねん,ざんね↓ん,zannen,What a pity.,Exp,,
12,了解,りょうかい,りょうかい○,ryookai,Okay.,Exp,,
13,駅,えき,え↓き,eki,train station,N,,
13,快速,かいそく,かいそく○,kaisoku,express / rapid,N,,
13,各駅停車／各停,かくえきていしゃ／かくてい,かくえきて↓いしゃ／かくてい○,kakueki-teesha / kakutee,local (stopping at every station),N,,
13,空港,くうこう,くうこう○,kuukoo,airport,N,,
13,この,この,この○,kono,this ～,N,指示表現,
13,先,さき,さき○,saki,ahead,N,,
13,市民病院,しみんびょういん,しみんびょ↓ういん,shimin-byooin,community hospital,N,,
13,タクシー,タクシー,タ↓クシー,takushii,taxi,N,,
13,地下鉄,ちかてつ,ちかてつ○,chikatetsu,subway,N,,
13,次,つぎ,つぎ↓,tsugi,next,N,,
13,電車,でんしゃ,でんしゃ○／で↓んしゃ,densha,train,N,,
13,止まる／止まります,とまる／とまります,とまる○／とまりま↓す,tomaru / tomarimasu,to stop,V［1］,,
13,何番線,なんばんせん,なんばんせん○,nan-bansen,which platform,N,疑問表現,
13,止まりません,とまりません,とまりませ↓ん,tomarimasen,It does not stop there.,Exp,,
13,～に乗ります,～にのります,～に　のりま↓す,～ni norimasu,I will take ～.,Exp,,
13,乗ってください,のってください,のってくださ↓い,notte kudasai,Please take ～.,Exp,,
13,乗る／乗ります,のる／のります,のる○／のりま↓す,noru / norimasu,to take / to ride,V［1］,,
13,バス,バス,バ↓ス,basu,bus,N,,
13,～番,～ばん,～ばん,～ban,number ～,,接頭/接尾,
13,～番線,～ばんせん,～ばんせん○,～bansen,platform number ～ ,,接頭/接尾,
13,反対側,はんたいがわ,はんたいがわ○,hantaigawa,opposite side,N,,
13,～番乗り場,～ばんのりば,～ばんの↓りば,～ban-noriba,stand number ～ / pier number ～ ,,接頭/接尾,
13,飛行機,ひこうき,ひこ↓うき,hikooki,plane,N,,
13,船,ふね,ふ↓ね,fune,ship,N,,
13,終点,しゅうてん,しゅうてん○,shuuten,final stop,N,,
13,～線 　（武蔵山線）,～せん　（むさしやません）,～せん　（むさしやません○）,～sen　(musashiyama-sen),～ Line　(e.g. Musashiyama Line),N,,
13,出口／お出口,でぐち／おでぐち,で↓ぐち／おで↓ぐち,deguchi / odeguchi,exit,N,,
13,お忘れ物のないよう、お降りください,おわすれもののないよう、おおりください,おわすれもののな↓いよう、おおりくださ↓い,"owasuremono no naiyoo, oori kudasai",Please make sure you don't forget anything when you get off. (polite expression),Exp,,
13,はい、そうです,はい、そうです,は↓い、そ↓うです,"hai, soo desu","Yes, that's right.",Exp,,
13,乗り換え／お乗換え,のりかえ／おのりかえ,のりかえ○／おのりかえ○,norikae / onorikae ,transfer,N,,
13,右側,みぎがわ,みぎがわ○,migigawa,right side,N,,
13,雨の日,あめのひ,あ↓めのひ↓,ame no hi,rainy days,,,
13,歩いて,あるいて,ある↓いて,aruite,on foot,,,
13,1時間,いちじかん,いちじ↓かん,ichi-jikan,one hour,N,,
13,1時間半,いちじかんはん,いちじかんは↓ん,ichi-jikan-han,1.5 hours,N,,
13,1分,いっぷん,い↓っぷん,ippun,1 minute,N,,
13,かかる／かかります,かかる／かかります,かか↓る／かかりま↓す,kakaru / kakarimasu,to take,V［1］,,
13,9分,きゅうふん,きゅ↓うふん,kyuu-fun,9 minutes,N,,
13,～ぐらい  （10分ぐらい）,～ぐらい　（じゅっぷんぐらい）,～ぐ↓らい　（じゅっぷんぐ↓らい）,～gurai　(juppun-gurai),around ～　(e.g. around 10 minutes),,,
13,車,くるま,くるま○,kuruma,car,N,,
13,50分,ごじゅっぷん,ごじゅっ↓ぷん,gojuppun,50 minutes,N,,
13,5分,ごふん,ご↓ふん,go-fun,5 minutes,N,,
13,30分,さんじゅっぷん,さんじゅ↓っぷん,sanjuppun,30 minutes,N,,
13,3分,さんぷん,さ↓んぷん,san-pun,3 minutes,N,,
13,～時間,～じかん,～じ↓かん,～jikan,～ hours,,接頭/接尾,
13,自転車,じてんしゃ,じてんしゃ○／じて↓んしゃ,jitensha,bicycle,N,,
13,10分,じゅっぷん,じゅ↓っぷん,juppun,10 minutes,N,,
13,どうやって,どうやって,ど↓うやって,doo yatte,how,,疑問表現,
13,どのぐらい,どのぐらい,どのぐらい○／ど↓のぐらい,donogurai,how long,,疑問表現,
13,7分,ななふん,なな↓ふん,nana-fun,7 minutes,N,,
13,2時間,にじかん,にじ↓かん,ni-jikan,two hours,N,,
13,20分,にじゅっぷん,にじゅ↓っぷん,nijuppun,20 minutes,N,,
13,2分,にふん,に↓ふん,ni-fun,2 minutes,N,,
13,大変ですね,たいへんですね,たいへんで↓すね,taihen desu ne,That's tough.,Exp,,
13,バイク,バイク,バ↓イク,baiku,motorcycle,N,,
13,8分,はちふん／はっぷん,はち↓ふん／は↓っぷん,hachi-fun / happun,8 minutes,N,,
13,～分,～ふん／ぷん,～ふん／ぷん,～fun / pun,～ minutes (indicate the length of time),,接頭/接尾,
13,40分,よんじゅっぷん,よんじゅ↓っぷん,yonjuppun,40 minutes,N,,
13,4分,よんふん／よんぷん,よ↓んふん／よ↓んぷん,yon-fun / yon-pun,4 minutes,N,,
13,6分,ろっぷん,ろ↓っぷん,roppun,6 minutes,N,,
13,市場 　,いちば,い↓ちば,ichiba,market,N,,
13,降りる／降ります,おりる／おります,おり↓る／おりま↓す,oriru / orimasu,to get off,V［2］,,
13,市役所,しやくしょ,しや↓くしょ,shiyakusho,city hall,N,,
13,乗り換える／乗り換えます,のりかえる／のりかえます,のりか↓える／のりかえま↓す,norikaeru / norikaemasu,to transfer,V［2］,,
13,乗る／乗ります,のる／のります,のる○／のりま↓す,noru / norimasu,to take / to ride,V［1］,,
13,バスセンター,バスセンター,バスセ↓ンター,basu-sentaa,bus center,N,,
13,～モール  （さくらモール）,～モール　（さくらモール）,～モ↓ール　（さくらモ↓ール）,～mooru  (sakura-mooru),～ mall　(e.g. Sakura Mall),N,,
13,エスカレーター,エスカレーター,エスカレ↓ーター,esukareetaa,escalator,N,,
13,エレベーター,エレベーター,エレベ↓ーター,erebeetaa,elevator,N,,
13,改札,かいさつ,かいさつ○,kaisatsu,ticket gate,N,,
13,北口,きたぐち,きたぐち○,kitaguchi,North Exit,N,,
13,タクシー乗り場,タクシーのりば,タクシーの↓りば,takushii-noriba,taxi stand,N,,
13,西口,にしぐち,にしぐち○,nishiguchi,West Exit,N,,
13,バス乗り場,バスのりば,バスの↓りば,basu-noriba,bus stop,N,,
13,東口,ひがしぐち,ひがしぐち○,higashiguchi,East Exit,N,,
13,待合室,まちあいしつ,まちあ↓いしつ,machiaishitsu,waiting room,N,,
13,南口,みなみぐち,みなみぐち○,minamiguchi,South Exit,N,,
14,あちら,あちら,あちら○,achira,over there,N,指示表現,
14,あっち,あっち,あっち↓,acchi,over there (a casual way of saying あちら),N,指示表現,
14,ATM,エーティーエム,エーティーエ↓ム,eetiiemu,ATM (automated teller machine),N,,
14,奥,おく,お↓く,oku,inside,N,,
14,喫煙所,きつえんじょ,きつえんじょ○,kitsuenjo,smoking room / smoking area,N,,
14,コインロッカー,コインロッカー,コインロ↓ッカー,koinrokkaa,coin-operated locker,N,,
14,コンビニ,コンビニ,コンビニ○,konbini,convenience store,N,,
14,自動販売機,じどうはんばいき,じどうはんば↓いき,jidoohanbaiki,vending machine,N,,
14,トイレ,トイレ,ト↓イレ,toire,toilet,N,,
14,飲み物,のみもの,のみも↓の／のみ↓もの,nomimono,drink,N,,
14,すいません,すいません,すいませ↓ん,suimasen,Sorry. (an informal way of saying すみません),Exp,,
14,ちょっと、わからないですね,ちょっと、わからないですね,ちょ↓っと、わから↓ないですね,"chotto, wakaranai desu ne",I don't really know.,Exp,,
14,ビル,ビル,ビ↓ル,biru,building,N,,
14,インフォメーション,インフォメーション,インフォメ↓ーション,infomeeshon,information counter,N,,
14,上,うえ,うえ○／～（の）うえ↓,ue,above,N,,
14,後ろ,うしろ,うしろ○,ushiro,behind,N,,
14,エスカレーター,エスカレーター,エスカレ↓ーター,esukareetaa,escalator,N,,
14,改札,かいさつ,かいさつ○,kaisatsu,ticket gate,N,,
14,下,した,した○／～（の）した↓,shita,below,N,,
14,すぐ,すぐ,す↓ぐ,sugu,immediately,,副詞的表現,
14,そっち,そっち,そっち↓,socchi,there,N,指示表現,
14,中,なか,な↓か,naka,inside,N,,
14,待っててください,まっててください,ま↓っててくださ↓い,mattete kudasai,Please wait there.,Exp,,
14,わかった,わかった,わか↓った,wakatta,I understand. (a casual way of saying わかりました),Exp,,
14,前,まえ,ま↓え,mae,in front ,N,,
14,横,よこ,よこ○,yoko,beside,N,,
14,新しい,あたらしい,あたらし↓い,atarashii,new,イA,,
14,あれ,あれ,あれ○,are,that,N,指示表現,
14,大きい,おおきい,おおき↓い,ookii,large,イA,,
14,大きな,おおきな,お↓おきな,ookina,large ,,,
14,お寺,おてら,おてら○,otera,temple,N,,
14,川,かわ,かわ↓,kawa,river,N,,
14,きたない,きたない,きたな↓い,kitanai,dirty,イA,,
14,きれい（な）,きれい（な）,き↓れい（な）,kiree (na),clean,ナA,,
14,公園,こうえん,こうえん○,kooen,park,N,,
14,静か（な）,しずか（な）,し↓ずか（な）,shizuka (na),quiet,ナA,,
14,商店街,しょうてんがい,しょうて↓んがい,shootengai,shopping street,N,,
14,せまい,せまい,せま↓い,semai,cramped,イA,,
14,高い,たかい,たか↓い,takai,high,イA,,
14,たくさん,たくさん,たくさん○,takusan,lots of,N,,
14,建物,たてもの,たて↓もの／たても↓の,tatemono,building,N,,
14,小さい,ちいさい,ちいさ↓い,chiisai,small,イA,,
14,小さな,ちいさな,ち↓いさな,chiisana,small ,,,
14,～でしょう？,～でしょう？,～でしょう？,～deshoo?,～ isn't it? (used when the speaker is looking for the other person's agreement),,文末表現,
14,～ドーム　（札幌ドーム）,～ドーム　（さっぽろドーム）,～ド↓ーム　（さっぽろド↓ーム）,～doomu　(sapporo-doomu),～ Dome　(e.g. Sapporo Dome),N,,
14,通り,とおり,とおり↓,toori,street,N,,
14,にぎやか（な）,にぎやか（な）,にぎ↓やか（な）,nigiyaka (na),lively,ナA,,
14,そうだね,そうだね,そ↓うだね,soo da ne,Yes. / I agree. (a casual way of saying そうですね),Exp,,
14,見て,みて,み↓て,mite,Look at that!,Exp,,
14,低い,ひくい,ひく↓い,hikui,low,イA,,
14,広い,ひろい,ひろ↓い,hiroi,spacious,イA,,
14,古い,ふるい,ふる↓い,furui,old,イA,,
14,野球場,やきゅうじょう,やきゅうじょう○,yakyuujoo,baseball ground,N,,
14,有名（な）,ゆうめい（な）,ゆうめい（な）○,yuumee (na),famous,ナA,,
14,受付時間,うけつけじかん,うけつけじ↓かん,uketsuke-jikan,reception hours,N,,4
14,営業時間,えいぎょうじかん,えいぎょうじ↓かん,eegyoo-jikan,opening hours,N,,4
14,営業中,えいぎょうちゅう,えいぎょうちゅう○,eegyoochuu,open,N,,3
14,危険,きけん,きけん○,kiken,danger,N,,1
14,銀行,ぎんこう,ぎんこう○,ginkoo,bank,N,,2
14,工事中,こうじちゅう,こうじちゅう○,koojichuu,under construction,N,,1
14,祭（日）,さい（じつ）,さい（じつ）○,sai (jitsu),public holiday,N,,4
14,酒,さけ,さけ○,sake,liquor,N,,2
14,祝（日）,しゅく（じつ）,しゅく（じつ）○,shuku (jitsu),public holiday,N,,4
14,準備中,じゅんびちゅう,じゅんびちゅう○,junbichuu,opening soon,N,,3
14,たばこ,たばこ,たばこ○,tabako,tobacco / cigarette,N,,2
14,注意,ちゅうい,ちゅ↓うい,chuui,caution,N,,1
14,通行止,つうこうどめ,つうこうどめ○,tsuukoodome,road closed,N,,1
14,定休日,ていきゅうび,ていきゅ↓うび,teekyuubi,closed every ～,N,,3
14,ディナー,ディナー,ディ↓ナー,dinaa,dinner,N,,4
14,24時間営業,にじゅうよじかんえいぎょう,に↓じゅう△よじかんえ↓いぎょう,nijuu-yojikan-eegyoo,open 24 hours,N,,4
14,年中無休,ねんじゅうむきゅう,ね↓んじゅう△むきゅう○,nenjuu-mukyuu,open year round,N,,4
14,休,やすみ,やすみ↓,yasumi,closed,N,,4
14,ランチ,ランチ,ラ↓ンチ,ranchi,lunch,N,,4
15,駅前,えきまえ,えきまえ○／えきま↓え,ekimae,in front of the station,N,,
15,懐中電灯,かいちゅうでんとう,かいちゅうで↓んとう,kaichuu-dentoo,torch,N,,
15,ココナッツミルク,ココナッツミルク,ココナッツミ↓ルク,kokonattsu-miruku,coconut milk,N,,
15,コンビニ,コンビニ,コンビニ○,konbini,convenience store,N,,
15,ショッピングセンター,ショッピングセンター,ショッピングセ↓ンター,shoppingu-sentaa,shopping center,N,,
15,ショッピングモール,ショッピングモール,ショッピングモ↓ール,shoppingu-mooru,shopping mall,N,,
15,スーパー,スーパー,ス↓ーパー,suupaa,supermarket,N,,
15,洗濯ばさみ,せんたくばさみ,せんたくば↓さみ,sentaku-basami,clothes peg,N,,
15,デパート,デパート,デパ↓ート,depaato,department store,N,,
15,電池,でんち,でんち○／で↓んち,denchi,battery,N,,
15,～とか,～とか,～と↓か,～toka,for example (used when giving an example),,,
15,ドラッグストア,ドラッグストア,ドラッグスト↓ア,doraggu-sutoa,drugstore,N,,
15,100円ショップ,ひゃくえんショップ,ひゃくえんショ↓ップ,hyaku-en-shoppu,100-yen shop,N,,
15,どこで買えますか？,どこでかえますか？,ど↓こでかえま↓すか？,doko de kaemasu ka?,where can I buy this?,Exp,,
15,弁当箱／お弁当箱,べんとうばこ／おべんとうばこ,べんと↓うばこ／おべんと↓うばこ,bentoobako / obentoobako,lunchbox,N,,
15,ホームセンター,ホームセンター,ホームセ↓ンター,hoomu-sentaa,home improvement store,N,,
15,ほしい,ほしい,ほし↓い,hoshii,want,イA,,
15,店／お店,みせ／おみせ,みせ↓／おみせ○,mise / omise,store,N,,
15,浴衣,ゆかた,ゆかた○,yukata,yukata (Japanese summer robe),N,,
15,インテリア,インテリア,インテ↓リア,interia,interior furnishings,N,,
15,屋上駐車場,おくじょうちゅうしゃじょう,おくじょうちゅうしゃじょう○,okujoo-chuushajoo,rooftop car park,N,,
15,おもちゃ,おもちゃ,おも↓ちゃ,omocha,toys,N,,
15,～階,～かい,～かい,～kai,～ floor,,接頭/接尾,
15,家具,かぐ,か↓ぐ,kagu,furniture,N,,
15,家電,かでん,かでん○,kaden,household appliances,N,,
15,暮らし,くらし,くらし○,kurashi,home,N,,
15,蛍光灯,けいこうとう,けいこうとう○,keekootoo,fluorescent light,N,,
15,化粧品,けしょうひん,けしょうひん○,keshoohin,cosmetics,N,,
15,酒,さけ,さけ○,sake,liquor,N,,
15,雑貨,ざっか,ざっか○,zakka,sundry goods,N,,
15,しょうゆ,しょうゆ,しょうゆ○,shooyu,soy sauce,N,,
15,食品,しょくひん,しょくひん○,shokuhin,food,N,,
15,食料品,しょくりょうひん,しょくりょうひん○,shokuryoohin,food products,N,,
15,紳士,しんし,し↓んし,shinshi,men,N,,
15,靴,くつ,くつ↓,kutsu,shoes,N,,
15,スカート,スカート,スカ↓ート,sukaato,skirt,N,,
15,スポーツ用品,スポーツようひん,スポーツよ↓うひん,supootsu-yoohin,sporting goods,N,,
15,生活用品,せいかつようひん,せいかつよ↓うひん,seekatsu-yoohin,daily necessities,N,,
15,ダンベル,ダンベル,ダンベル○,danberu,dumbbell,N,,
15,肌着,はだぎ,はだぎ○,hadagi,underclothes,N,,
15,バッグ,バッグ,バ↓ッグ,baggu,bags,N,,
15,服,ふく,ふく↓,fuku,clothing,N,,
15,服飾雑貨,ふくしょくざっか,ふくしょくざ↓っか,fukushoku-zakka,fashion accessories,N,,
15,婦人,ふじん,ふじん○,fujin,women,N,,
15,フロア,フロア,フロ↓ア,furoa,floor,N,,
15,文房具,ぶんぼうぐ,ぶんぼ↓うぐ,bunboogu,stationery,N,,
15,銘店,めいてん,めいてん○,meeten,well-known store,N,,
15,メンズ,メンズ,メンズ○,menzu,men's,N,,
15,レディース,レディース,レディース○,rediisu,women's,N,,
15,1階,いっかい,いっかい○,ikkai,first floor,N,,
15,延長コード,えんちょうコード,えんちょうコ↓ード,enchoo-koodo,extension cord,N,,
15,カメラ,カメラ,カ↓メラ,kamera,camera,N,,
15,9階,きゅうかい,きゅうかい○,kyuu-kai,ninth floor,N,,
15,5階,ごかい,ごかい○,go-kai,fifth floor,N,,
15,こちら,こちら,こちら○,kochira,"here, this way",N,指示表現,
15,3階,さんかい／さんがい,さんかい○／さんがい○,san-kai / san-gai,third floor,N,,
15,10階,じゅっかい,じゅっかい○,jukkai,tenth floor,N,,
15,スマホケース,スマホケース,スマホケ↓ース,sumaho-keesu,smartphone case,N,,
15,ドライヤー,ドライヤー,ドライヤー○,doraiyaa,hair-dryer,N,,
15,7階,ななかい,ななかい○,nana-kai,seventh floor,N,,
15,何階,なんかい／なんがい,なんかい○／なんがい○,nan-kai / nan-gai,what floor,N,疑問表現,
15,2階,にかい,にかい○,ni-kai,second floor,N,,
15,8階,はちかい／はっかい,はちかい○／はっかい○,hachi-kai / hakkai,eighth floor,N,,
15,ご案内します／ご案内いたします,ごあんないします／ごあんないいたします,ごあんないしま↓す／ごあんないいたしま↓す,goannai shimasu / goannai itashimasu,I'll show you. (polite expression),Exp,,
15,～でございます,～でございます,～でございま↓す,～de gozaimasu,is (polite expression for です),Exp,,
15,～になります,～になります,～になりま↓す,～ni narimasu,is (polite expression for です),Exp,,
15,4階,よんかい,よんかい○,yon-kai,fourth floor,N,,
15,6階,ろっかい,ろっかい○,rokkai,sixth floor,N,,
15,おしゃれ（な）,おしゃれ（な）,おしゃ↓れ（な）,oshare (na),stylish,ナA,,
15,おもしろい,おもしろい,おもしろ↓い,omoshiroi,interesting,イA,,
15,傘,かさ,か↓さ,kasa,umbrella,N,,
15,かっこいい,かっこいい,かっこい↓い,kakkoii,cool,イA,,
15,かばん,かばん,かばん○,kaban,bag,N,,
15,かわいい,かわいい,かわい↓い,kawaii,cute,イA,,
15,きれい（な）,きれい（な）,き↓れい（な）,kiree (na),pretty / beautiful,ナA,,
15,くつ,くつ,くつ↓,kutsu,shoes,N,,
15,くつ下,くつした,くつ↓した,kutsushita,socks,N,,
15,コート,コート,コ↓ート,kooto,coat,N,,
15,ジャケット,ジャケット,ジャケット○／ジャケ↓ット,jaketto,jacket,N,,
15,シャツ,シャツ,シャ↓ツ,shatsu,shirt,N,,
15,すてき（な）,すてき（な）,すてき（な）○,suteki (na),nice / wonderful,ナA,,
15,ズボン,ズボン,ズボ↓ン／ズ↓ボン,zubon,trousers,N,,
15,それに,それに,それに○,soreni,besides / in addition,,接続表現,
15,高い,たかい,たか↓い,takai,expensive,イA,,
15,Tシャツ,ティーシャツ,ティーシャツ○,tii-shatsu,T-shirt,N,,
15,ネクタイ,ネクタイ,ネ↓クタイ,nekutai,necktie,N,,
15,バッグ,バッグ,バ↓ッグ,baggu,bag,N,,
15,パンツ,パンツ,パンツ○／パ↓ンツ,pantsu,pants,N,,
15,変（な）,へん（な）,へ↓ん（な）,hen (na),strange,ナA,,
15,帽子,ぼうし,ぼうし○,booshi,hat　/ cap,N,,
15,本当！,ほんとう !,ほんとう !○,hontoo !,It really is!,Exp,,
15,安い,やすい,やす↓い,yasui,cheap,イA,,
15,ワンピース,ワンピース,ワンピ↓ース,wanpiisu,dress,N,,
15,入口,いりぐち,いりぐち○,iriguchi,entrance,N,,1
15,お客様,おきゃくさま,おきゃくさ↓ま,okyakusama,customer (polite expression),N,,1
15,押す／押,おす,おす○,osu,to push,V［1］,,2
15,下り,くだり,くだり○,kudari,down,N,,2
15,化粧室,けしょうしつ,けしょ↓うしつ,keshooshitsu,restroom,N,,1
15,出口,でぐち,で↓ぐち,deguchi,exit,N,,1
15,閉じる／閉,とじる,とじ↓る,tojiru,to close,V［2］,,2
15,上り,のぼり,のぼり○,nobori,up,N,,2
15,引く／引,ひく,ひく○,hiku,to pull,V［1］,,2
15,非常口,ひじょうぐち,ひじょ↓うぐち,hijooguchi,emergency exit,N,,1
15,開く／開,ひらく,ひら↓く,hiraku,to open,V［1］,,2
16,いくら,いくら,い↓くら,ikura,how much (asking price),N,疑問表現,
16,1円,いちえん,いちえん○,ichi-en,1 yen,N,,
16,"10,000",いちまん,いちま↓ん,ichiman,ten thousand,N,数字,
16,"10,000円",いちまんえん,いちまんえん○,ichiman-en,"10,000 yen",N,,
16,"9,000",きゅうせん,きゅうせ↓ん,kyuusen,nine thousand,N,数字,
16,"9,000円",きゅうせんえん,きゅうせんえん○,kyuusen-en,"9,000 yen",N,,
16,900,きゅうひゃく,きゅ↓うひゃく,kyuuhyaku,nine hundred,N,数字,
16,900円,きゅうひゃくえん,きゅうひゃく↓えん,kyuuhyaku-en,900 yen,N,,
16,5円,ごえん,ご↓えん,go-en,5 yen,N,,
16,50円,ごじゅうえん,ごじゅ↓うえん,gojuu-en,50 yen,N,,
16,"5,000",ごせん,ごせ↓ん,gosen,five thousand,N,数字,
16,"5,000円",ごせんえん,ごせんえん○,gosen-en,"5,000 yen",N,,
16,500,ごひゃく,ごひゃく↓,gohyaku,five hundred,N,数字,
16,500円,ごひゃくえん,ごひゃく↓えん,gohyaku-en,500 yen,N,,
16,"3,000",さんぜん,さんぜ↓ん,sanzen,three thousand,N,数字,
16,"3,000円",さんぜんえん,さんぜんえん○,sanzen-en,"3,000 yen",N,,
16,300,さんびゃく,さ↓んびゃく,sanbyaku,three hundred,N,数字,
16,300円,さんびゃくえん,さんびゃく↓えん,sanbyaku-en,300 yen,N,,
16,10円,じゅうえん,じゅうえん○,juu-en,10 yen,N,,
16,"1,000",せん,せ↓ん,sen,one thousand,N,数字,
16,"1,000円",せんえん,せ↓んえん／せんえん○,sen-en,"1,000 yen",N,,
16,"7,000",ななせん,ななせ↓ん,nanasen,seven thousand,N,数字,
16,"7,000円",ななせんえん,ななせんえん○,nanasen-en,"7,000 yen",N,,
16,700,ななひゃく,なな↓ひゃく,nanahyaku,seven hundred,N,数字,
16,700円,ななひゃくえん,ななひゃく↓えん,nanahyaku-en,700 yen,N,,
16,"2,000",にせん,にせ↓ん,nisen,two thousand,N,数字,
16,"2,000円",にせんえん,にせんえん○,nisen-en,"2,000 yen",N,,
16,200,にひゃく,にひゃく↓,nihyaku,two hundred,N,数字,
16,200円,にひゃくえん,にひゃく↓えん,nihyaku-en,200 yen,N,,
16,"8,000",はっせん,はっせ↓ん,hassen,eight thousand,N,数字,
16,"8,000円",はっせんえん,はっせんえん○,hassen-en,"8,000 yen",N,,
16,800,はっぴゃく,はっぴゃく↓,happyaku,eight hundred,N,数字,
16,800円,はっぴゃくえん,はっぴゃく↓えん,happyaku-en,800 yen,N,,
16,100,ひゃく,ひゃく↓,hyaku,one hundred,N,数字,
16,100円,ひゃくえん,ひゃくえん○,hyaku-en,100 yen,N,,
16,"4,000",よんせん,よんせ↓ん,yonsen,four thousand,N,数字,
16,"4,000円",よんせんえん,よんせんえん○,yonsen-en,"4,000 yen",N,,
16,400,よんひゃく,よ↓んひゃく,yonhyaku,four hundred,N,数字,
16,400円,よんひゃくえん,よんひゃく↓えん,yonhyaku-en,400 yen,N,,
16,"6,000",ろくせん,ろくせ↓ん,rokusen,six thousand,N,数字,
16,"6,000円",ろくせんえん,ろくせんえん○,rokusen-en,"6,000 yen",N,,
16,600,ろっぴゃく,ろっぴゃく↓,roppyaku,six hundred,N,数字,
16,600円,ろっぴゃくえん,ろっぴゃく↓えん,roppyaku-en,600 yen,N,,
16,あの,あの,あの○,ano,that ～ (away from both speaker and listener) ,N,指示表現,
16,あれ,あれ,あれ○,are,that (away from both speaker and listener),N,指示表現,
16,お菓子,おかし,おか↓し,okashi,sweets,N,,
16,カレンダー,カレンダー,カレ↓ンダー,karendaa,calendar,N,,
16,この,この,この○,kono,this ～ (close to the speaker) ,N,指示表現,
16,これ,これ,これ○,kore,this (close to the speaker) ,N,指示表現,
16,その,その,その○,sono,that ～ (close to the listener) ,N,指示表現,
16,それ,それ,それ○,sore,that (close to the listener) ,N,指示表現,
16,Tシャツ,ティーシャツ,ティーシャツ○,tii-shatsu,T-shirt,N,,
16,いいです,いいです,い↓いです,ii desu,"No, thank you. (used to refuse something, the same as けっこうです)",Exp,,
16,招き猫,まねきねこ,まねきね↓こ,manekineko,maneki-neko (lucky cat figurine),N,,
16,1個,いっこ,い↓っこ,ikko,1 item,N,,
16,梅,うめ,うめ○,ume,ume (pickled plum),N,,
16,9個,きゅうこ,きゅ↓うこ,kyuu-ko,9 items,N,,
16,～g,～グラム,～グ↓ラム,～guramu,～ g,,接頭/接尾,
16,～個,～こ,～こ,～ko,～ items,,接頭/接尾,
16,5個,ごこ,ご↓こ,go-ko,5 items,N,,
16,コロッケ,コロッケ,コ↓ロッケ／コロ↓ッケ,korokke,korokke (deep-fried side dish similar to croquettes),N,,
16,昆布,こんぶ,こ↓んぶ,konbu,kombu (kelp),N,,
16,3個,さんこ,さ↓んこ,san-ko,3 items,N,,
16,シュウマイ,シュウマイ,シュウマイ○,shuumai,shumai (Chinese meat dumpling),N,,
16,10個,じゅっこ,じゅ↓っこ,jukko,10 items,N,,
16,～ずつ,～ずつ,～ず↓つ,～zutsu,～ each,,,
16,たい焼き,たいやき,たいやき○,taiyaki,taiyaki (confectionery shaped like a grilled sea bream),N,,
16,たらこ,たらこ,たらこ○,tarako,tarako (cod roe),N,,
16,チーズケーキ,チーズケーキ,チーズケ↓ーキ,chiizu-keeki,cheesecake,N,,
16,チョコレートケーキ,チョコレートケーキ,チョコレートケ↓ーキ,chokoreeto-keeki,chocolate cake,N,,
16,7個,ななこ,なな↓こ,nana-ko,7 items,N,,
16,何個,なんこ,な↓んこ,nan-ko,how many (items),N,疑問表現,
16,2個,にこ,に↓こ,ni-ko,2 items,N,,
16,8個,はちこ／はっこ,はち↓こ／は↓っこ,hachi-ko / hakko,8 items,N,,
16,ひき肉,ひきにく,ひきにく○,hikiniku,minced meat,N,,
16,かしこまりました,かしこまりました,かしこまりま↓した,kashikomarimashita,Certainly. (polite expression),Exp,,
16,4個,よんこ,よ↓んこ,yon-ko,4 items,N,,
16,6個,ろっこ,ろ↓っこ,rokko,6 items,N,,
16,温める／温めます,あたためる／あたためます,あたため↓る／あたためま↓す,atattameru / atatamemasu,to warm up,V［2］,,
16,Edy,エディ,エ↓ディー,edii,Edy (electronic payment card）,N,固有名詞,
16,おはし,おはし,おは↓し,ohashi,chopsticks,N,,
16,クレジットカード,クレジットカード,クレジットカ↓ード,kurejitto-kaado,credit card,N,,
16,こちら,こちら,こちら○,kochira,this (polite expression),N,指示表現,
16,Suica,スイカ,ス↓イカ,suika,"Suica (a pre-paid card used to pay transportation fees, such as train and bus fares, and for shopping)",N,固有名詞,
16,ストロー,ストロー,スト↓ロー,sutoroo,straw,N,,
16,タッチする／タッチします,タッチする／タッチします,タ↓ッチする／タ↓ッチします,tacchi-suru / tacchi-shimasu,to tap / touch,V［3］,,
16,フォーク,フォーク,フォ↓ーク,fooku,fork,N,,
16,袋,ふくろ,ふくろ↓,fukuro,bag,N,,
16,PayPay,ペイペイ,ペ↓イペイ,peipei,PayPay (QR-code-based electronic payment method),N,固有名詞,
16,ありがとうございました,ありがとうございました,あり↓がとうございま↓した,arigatoo gozaimashita,Thank you very much. (used to say thank you at the end),Exp,,
16,お会計、～になります,おかいけい、～になります,おかいけい○、～になりま↓す,"okaikee, ～ni narimasu",The total amount is ～. (polite expression),Exp,,
16,お次の方,おつぎのかた,おつぎのかた↓,otsugi no kata,"Next, please. (polite expression)",Exp,,
16,おつけしますか？,おつけしますか？,おつけしま↓すか？,otsuke-shimasu ka?,Shall I add ～ ? (polite expression),Exp,,
16,だいじょうぶです,だいじょうぶです,だいじょ↓うぶです,daijoobu desu,That's all right. (used when refusing something),Exp,,
16,タッチしてください,タッチしてください,タ↓ッチしてくださ↓い,tacchi-shite kudasai,Tap your card here please.,Exp,,
16,～でお願いします,～でおねがいします,～でおねがいしま↓す,～de onegaishimasu,"With ～, please. ",Exp,,
16,～は、どうしますか？,～は、どうしますか？,～は、ど↓うしますか？,"～wa, doo shimasu ka?",And what about ～?,Exp,,
16,苺ショートケーキ,いちごショートケーキ,いちごショートケ↓ーキ,ichigo-shootokeeki,strawberry shortcake,N,,③ケーキ屋で
16,～円均一　（50円均一）,～えんきんいつ　（ごじゅうえんきんいつ）,～えんき↓んいつ　（ごじゅうえんき↓んいつ）,～en-kin'itsu  (gojuu-en-kin'itsu),everything at ～ yen　(e.g. everything at 50 yen),,接頭/接尾,⑥古本屋で
16,～円引　（50円引）,～えんびき　（ごじゅうえんびき）,～えんびき○　（ごじゅうえんびき○）,～en-biki　(gojuu-en-biki),～ yen off　(e.g. 50 yen off),,接頭/接尾,③ケーキ屋で
16,応援,おうえん,おうえん○,ooen,support,N,,②家電量販店で
16,小型,こがた,こがた○,kogata,compact,N,,②家電量販店で
16,国産銘柄鶏胸肉,こくさんめいがらとりむねにく,こくさんめいがらとりむね↓にく,kokusan-meegara-tori-muneniku,famous home-grown chicken breast,N,,⑤スーパーの肉コーナーで
16,さらに,さらに,さ↓らに,sarani,further,,副詞的表現,②家電量販店で
16,商品,しょうひん,しょ↓うひん,shoohin,product,N,,⑥古本屋で
16,税込,ぜいこみ,ぜいこみ○,zeekomi,including tax,N,,①スーパーの惣菜コーナーで
16,税抜,ぜいぬき,ぜいぬき○,zeenuki,excluding tax,N,,④衣料品売り場で
16,セール,セール,セ↓ール,seeru,sale,N,,②家電量販店で
16,全品,ぜんぴん,ぜ↓んぴん,zenpin,all items,N,,②家電量販店で
16,値下価格,ねさげかかく,ねさげか↓かく,nesage-kakaku,discounted price,N,,④衣料品売り場で
16,～％引　（10％引）,～パーセントびき　（じゅっパーセントびき）,～パーセントびき○　（じゅっパーセントびき○）,～paasento-biki　(juppaasento-biki),～ % off　(e.g. 10% off),,接頭/接尾,②家電量販店で
16,半額,はんがく,はんがく○,hangaku,half price,N,,⑤スーパーの肉コーナーで
16,一人暮らし,ひとりぐらし,ひとりぐ↓らし,hitorigurashi,living alone,N,,②家電量販店で
16,表示価格より,ひょうじかかくより,ひょうじか↓かくより,hyooji-kakaku yori,from the list price,,,①スーパーの惣菜コーナーで
16,ポイントサービス,ポイントサービス,ポイントサ↓ービス,pointo-saabisu,reward points,N,,②家電量販店で
16,本日,ほんじつ,ほ↓んじつ,honjitsu,today,N,,③ケーキ屋で
16,レジにて,レジにて,レ↓ジに↓て,reji nite,at the cash register,,,⑤スーパーの肉コーナーで
16,若鶏,わかどり,わか↓どり,wakadori,spring chicken,N,,①スーパーの惣菜コーナーで
16,ワゴン,ワゴン,ワ↓ゴン,wagon,cart,N,,⑥古本屋で
16,～割引  （二割引き）,～わりびき　（にわりびき）,～わりびき○　（にわりびき○）,～waribiki　(ni-waribiki),～ × 10% off　(e.g. 20% off),,接頭/接尾,①スーパーの惣菜コーナーで
17,運動する／運動します,うんどうする／うんどうします,うんどうする○／うんどうしま↓す,undoo-suru / undoo-shimasu,to exercise,V［3］,,
17,オーケストラ,オーケストラ,オーケ↓ストラ,ookesutora,orchestra,N,,
17,買う／買います,かう／かいます,かう○／かいま↓す,kau / kaimasu,to buy,V［1］,,
17,家族,かぞく,か↓ぞく,kazoku,family,N,,
17,昨日,きのう,きのう○／きの↓う,kinoo,yesterday,N,,
17,コンサート,コンサート,コ↓ンサート,konsaato,concert,N,,
17,ジム,ジム,ジ↓ム,jimu,gym,N,,
17,週末,しゅうまつ,しゅうまつ○,shuumatsu,weekend,N,,
17,掃除する／掃除します,そうじする／そうじします,そうじする○／そうじしま↓す,sooji-suru / sooji-shimasu,to clean,V［3］,,
17,土日,どにち,どにち○,donichi,Saturday and Sunday,N,,
17,何も ,なにも,なにも○,nanimo,nothing,,副詞的表現,
17,ネットで,ネットで,ネットで○,netto de,online,,,
17,寝る／寝ます,ねる／ねます,ねる○／ねま↓す,neru / nemasu,to sleep,V［2］,,
17,飲みに行く／飲みに行きます,のみにいく／のみにいきます,の↓みにいく／の↓みにいきます,nomi ni iku / nomi ni ikimasu,to go drinking,V［1］,,
17,話す／話します,はなす／はなします,はな↓す／はなしま↓す,hanasu / hanashimasu,to talk,V［1］,,
17,服,ふく,ふく↓,fuku,clothing,N,,
17,休み,やすみ,やすみ↓,yasumi,day off,N,,
17,ゆっくりする／ゆっくりします,ゆっくりする／ゆっくりします,ゆっく↓りする／ゆっく↓りします,yukkuri-suru / yukkuri-shimasu,to relax,V［3］,,
17,いい,いい,い↓い,ii,good,イA,,
17,一日中,いちにちじゅう,いちにちじゅう○,ichinichijuu,all day long,N,,
17,いまいち（な）,いまいち（な）,いま↓いち（な）,imaichi (na),not so good,ナA,,
17,おもしろい,おもしろい,おもしろ↓い,omoshiroi,interesting,イA,,
17,国際フェスティバル,こくさいフェスティバル,こくさいフェ↓スティバル,kokusai-fesutibaru,international festival,N,,
17,ゴジラ,ゴジラ,ゴ↓ジラ,gojira,Godzilla,N,固有名詞,
17,すばらしい,すばらしい,すばらし↓い,subarashii,wonderful,イA,,
17,洗濯,せんたく,せんたく○,sentaku,laundry,N,,
17,掃除,そうじ,そうじ○,sooji,cleaning,N,,
17,大変（な）,たいへん（な）,たいへん（な）○,taihen (na),awful / tough,ナA,,
17,楽しい,たのしい,たのし↓い,tanoshii,fun,イA,,
17,つまらない,つまらない,つまら↓ない,tsumaranai,boring,イA,,
17,どこにも,どこにも,どこにも○,dokonimo,nowhere,,,
17,勉強,べんきょう,べんきょう○,benkyoo,study,N,,
17,まあまあ（な）,まあまあ（な）,まあま↓あ（な）,maamaa (na),average,ナA,,
17,よかった（です）,よかった（です）,よ↓かった（です）,yokatta (desu),It was good.,Exp,,
17,おいしい,おいしい,おいしい○／おいし↓い,oishii,delicious,イA,,④
17,お祝い,おいわい,おいわい○,oiwai,celebration,N,,④
17,多い,おおい,おお↓い,ooi,many,イA,,③
17,家族で,かぞくで,か↓ぞくで,kazoku de,with family,,,①
17,気持ちいい,きもちいい,きもちい↓い,kimochi-ii,refreshing,イA,,②
17,クラゲ,クラゲ,クラゲ○,kurage,jellyfish,N,,①
17,元気（な）,げんき（な）,げ↓んき（な）,genki (na),healthy,ナA,,④
17,コスモス,コスモス,コ↓スモス,kosumosu,cosmos,N,,②
17,水族館,すいぞくかん,すいぞく↓かん,suizokukan,aquarium,N,,①
17,寿司屋,すしや,すし↓や,sushiya,sushi restaurant,N,,④
17,そして,そして,そして○,soshite,then,,接続表現,①
17,花,はな,はな↓,hana,flower,N,,②
17,二人で,ふたりで,ふたり↓で,futari de,two people,,,④
17,ペンギン,ペンギン,ペンギン○,pengin,penguin,N,,①
17,まだまだ,まだまだ,ま↓だまだ,mada mada,still,,副詞的表現,④
17,気持ちよかった（です）,きもちよかった（です）,きもちよ↓かった（です）,kimochi-yokatta (desu),It was refreshing.,Exp,,②
17,いつでも,いつでも,いつでも○／い↓つでも,itsudemo,anytime,N,,④マンガ喫茶
17,一般,いっぱん,いっぱん○,ippan,general,N,,①水族館
17,営業時間,えいぎょうじかん,えいぎょうじ↓かん,eegyoo-jikan,opening hours,N,,②温泉の共同浴場
17,延長料金,えんちょうりょうきん,えんちょうりょ↓うきん,enchoo-ryookin,extension fee,N,,④マンガ喫茶
17,大人,おとな／だいにん,おとな○／だいにん○,otona / dainin,adult,N,,①水族館
17,お1人様,おひとりさま,おひとりさま○,ohitorisama,one person (polite expression),N,,③焼肉屋
17,鍵付き,かぎつき,かぎつき○,kagi-tsuki,with key,N,,④マンガ喫茶
17,完全（な）,かんぜん（な）,かんぜん（な）○,kanzen (na),completely,ナA,,④マンガ喫茶
17,基本料金,きほんりょうきん,きほんりょ↓うきん,kihon-ryookin,basic fee,N,,④マンガ喫茶
17,休業日,きゅうぎょうび,きゅうぎょ↓うび,kyuugyoobi,days closed,N,,②温泉の共同浴場
17,高校生,こうこうせい,こうこ↓うせい,kookoosee,high school student,N,,①水族館
17,個室,こしつ,こしつ○,koshitsu,private room,N,,④マンガ喫茶
17,古総湯,こそうゆ,こそ↓うゆ,Kosooyu,"Kosoyu public bathhouse (a communal bathhouse at Yamashiro Onsen, Ishikawa Prefecture)",N,固有名詞,②温泉の共同浴場
17,～毎に　（10分毎に）,～ごとに　（じゅっぷんごとに）,～ご↓とに　（じゅっぷんご↓とに）,～goto ni  (juppun-goto ni),per ～　(e.g. per 10 minutes),,接頭/接尾,④マンガ喫茶
17,～歳以上　（十二歳以上）,～さいいじょう　（じゅうにさいいじょう）,～さいい↓じょう　（じゅうにさいい↓じょう）,～sai-ijoo　(juuni-sai-ijoo),aged ～ or above　(e.g. aged 12 or above),,接頭/接尾,②温泉の共同浴場
17,正午,しょうご,しょ↓うご,shoogo,noon,N,,②温泉の共同浴場
17,小・中学生,しょうちゅうがくせい,しょうちゅうが↓くせい,shoo-chuugakusee,elementary & junior high school student,N,,①水族館
17,小人,しょうにん,しょうにん○,shoonin,child,N,,①水族館
17,全品,ぜんぴん,ぜ↓んぴん,zenpin,all items,N,,③焼肉屋
17,第～▲曜日　（第四水曜日）,だい～▲ようび　（だいよんすいようび）,だい～▲よ↓うび　（だいよんすいよ↓うび）,dai～▲yoobi　(dai-yon-suiyoobi),～ (day of the week) of the month　(e.g. fourth Wednesday of the month),N,,②温泉の共同浴場
17,大学生,だいがくせい,だいが↓くせい,daigakusee,university student,N,,①水族館
17,食べ放題,たべほうだい,たべほ↓うだい,tabe-hoodai,all you can eat,N,,③焼肉屋
17,チケット,チケット,チ↓ケット／チケ↓ット,chiketto,ticket,N,,①水族館
17,中人,ちゅうにん,ちゅうにん○,chuunin,student,N,,①水族館
17,～付き  （飲み放題付き）,～つき　（のみほうだいつき）,～つき○　（のみほうだいつき○）,～tsuki　（nomi-hoodai-tsuki）,with ～　(e.g. with all-you-can-drink),,接頭/接尾,③焼肉屋
17,ナイト,ナイト,ナ↓イト,naito,night,N,,④マンガ喫茶
17,入館券,にゅうかんけん,にゅうか↓んけん,nyuukanken,admission ticket,N,,①水族館
17,入浴,にゅうよく,にゅうよく○,nyuuyoku,bathing,N,,②温泉の共同浴場
17,飲み放題,のみほうだい,のみほ↓うだい,nomi-hoodai,all you can drink,N,,③焼肉屋
17,パック,パック,パ↓ック,pakku,package,N,,④マンガ喫茶
17,発売中,はつばいちゅう,はつばいちゅう○,hatsubaichuu,in operation,N,,①水族館
17,ブース,ブース,ブ↓ース／ブース○,buusu,booth,N,,④マンガ喫茶
17,席,せき,せ↓き,seki,seat,N,,④マンガ喫茶
17,プラス,プラス,プラス○,purasu,plus,N,,③焼肉屋
17,毎月,まいつき,まいつき○,maitsuki,every month,N,,②温泉の共同浴場
17,～名様より 　（2名様より）,～めいさまより　（にめいさまより）,～めいさまよ↓り　（に↓めいさまよ↓り）,～mee-sama yori　（ni-mee-sama yori),～ persons or more (polite expression) (e.g. 2 persons or more),,接頭/接尾,③焼肉屋
17,料金,りょうきん,りょ↓うきん,ryookin,fee,N,,②温泉の共同浴場
17,料金システム,りょうきんシステム,りょうきんシ↓ステム,ryookin-shisutemu,pricing system,N,,④マンガ喫茶
17,つり銭のお取り忘れに注意！,つりせんのおとりわすれにちゅうい！,つりせんのおとりわすれに　ちゅ↓うい！,tsurisen no otoriwasure ni chuui !,Please remember to take your change!,Exp,,①水族館
17,着く／着きます,つく／つきます,つ↓く／つきま↓す,tsuku / tsukimasu,to arrive,V［1］,,
17,はじめて,はじめて,はじ↓めて,hajimete,for the first time,,副詞的表現,
17,また,また,また○,mata,again,,副詞的表現,
17,着きました,つきました,つきま↓した,tsukimashita,I have arrived home.,Exp,,
18,会う／会います,あう／あいます,あ↓う／あいま↓す,au / aimasu,to meet,V［1］,,
18,行く／行きます,いく／いきます,いく○／いきま↓す,iku / ikimasu,to go,V［1］,,
18,池袋,いけぶくろ,いけぶ↓くろ,ikebukuro,Ikebukuro,N,地域・都市,
18,うち,うち,うち○,uchi,home,N,,
18,買う／買います,かう／かいます,かう○／かいま↓す,kau / kaimasu,to buy,V［1］,,
18,ゴールデンウィーク,ゴールデンウィーク,ゴールデンウィ↓ーク,gooruden-wiiku,Golden Week,N,,
18,炊飯器,すいはんき,すいは↓んき,suihanki,rice-cooker,N,,
18,どこか,どこか,ど↓こか,dokoka,somewhere,N,,
18,友だち,ともだち,ともだち○,tomodachi,friend,N,,
18,夏休み,なつやすみ,なつや↓すみ,natsuyasumi,summer vacation,N,,
18,広島,ひろしま,ひろしま○,hiroshima,Hiroshima,N,地域・都市,
18,もうすぐ,もうすぐ,もうす↓ぐ,moosugu,soon / almost,,副詞的表現,
18,予定,よてい,よてい○,yotee,plans,N,,
18,旅行する／旅行します,りょこうする／りょこうします,りょこうする○／りょこうしま↓す,ryokoo-suru / ryokoo-shimasu,to travel,V［3］,,
18,連休,れんきゅう,れんきゅう○,renkyuu,holiday period,N,,
18,あと,あと,あ↓と,ato,and / also,,接続表現,
18,お土産,おみやげ,おみやげ○,omiyage,souvenir,N,,
18,温泉,おんせん,おんせん○,onsen,hot spring,N,,
18,君の名は。,きみのなは,きみのなは↓,kimi no na wa,"Kimi no Na wa (""Your Name"")",N,固有名詞,
18,京都,きょうと,きょ↓うと,kyooto,Kyoto,N,地域・都市,
18,新幹線,しんかんせん,しんか↓んせん,shinkansen,Shinkansen (bullet train),N,,
18,神社,じんじゃ,じ↓んじゃ,jinja,shrine,N,,
18,新宿,しんじゅく,しんじゅく○,shinjuku,Shinjuku,N,地域・都市,
18,須賀神社,すがじんじゃ,すがじ↓んじゃ,suga-jinja,Suga Shrine,N,固有名詞,
18,ぜひ,ぜひ,ぜ↓ひ,zehi,definitely,,副詞的表現,
18,食べる／食べます,たべる／たべます,たべ↓る／たべま↓す,taberu / tabemasu,to eat,V［2］,,
18,ディズニーランド,ディズニーランド,ディズニーラ↓ンド,dizunii-rando,Disneyland,N,固有名詞,
18,どうして,どうして,ど↓うして,dooshite,why, ,疑問表現,
18,ドラえもん,ドラえもん,ドラえもん○,doraemon,Doraemon,N,固有名詞,
18,どら焼き,どらやき,どらやき○,dorayaki,dorayaki (cake with sweet bean paste),N,,
18,登る／登ります,のぼる／のぼります,のぼる○／のぼりま↓す,noboru / noborimasu,to climb,V［1］,,
18,入る／入ります,はいる／はいります,は↓いる／はいりま↓す,hairu / hairimasu,to enter,V［1］,,
18,富士山,ふじさん,ふ↓じさん,fujisan,Mt. Fuji,N,固有名詞,
18,ほかに,ほかに,ほかに○,hoka ni,besides that,,副詞的表現,
18,見る／見ます,みる／みます,み↓る／みま↓す,miru / mimasu,to watch,V［2］,,
18,雪,ゆき,ゆき↓,yuki,snow,N,,
18,行って,いって,いって○,itte,You should go.,Exp,,
18,アクティビティ,アクティビティ,アクティ↓ビティ,akutibiti,activity,N,,
18,気分,きぶん,き↓ぶん,kibun,feeling,N,,
18,写真,しゃしん,しゃしん○,shashin,photograph,N,,
18,チェックイン,チェックイン,チェックイ↓ン,chekku-in,check-in,N,,
18,動画,どうが,どうが○,dooga,video,N,,
18,友達をタグ付け,ともだちをタグづけ,ともだちをタグづけ○,tomodachi o tagu-zuke,tagging a friend,,,
18,景色,けしき,け↓しき,keshiki,scenery,N,,
18,それから,それから,それから○,sorekara,and then,,接続表現,
18,それに,それに,それに○,soreni,besides / in addition,,接続表現,
18,でも,でも,で↓も,demo,but,,接続表現,
18,鶏,とり,とり○,tori,chicken,N,,
18,別府温泉,べっぷおんせん,べっぷお↓んせん,beppu-onsen,Beppu Onsen (hot spring area),N,固有名詞,
18,露天風呂,ろてんぶろ,ろてんぶ↓ろ／ろてんぶろ○,roten-buro,open-air bath,N,,
18,それは、よかったですね,それは、よかったですね,それ○は、よ↓かったですね,"sore wa, yokatta desu ne",That sounds good.,Exp,,